allele_0,Altered_Morph_95_batch14,Altered_Morph_95_batch13,Altered_Morph_95_both_batches,Altered_Morph_99_batch14,Altered_Morph_99_batch13,Altered_Morph_99_both_batches,AUROC_batch14,AUROC_batch13,AUROC_Mean
SDHD_Gly106Val,0,0,false,0,0,false,0.7551675962343357,0.7781633021684375,0.7666654492013867
SOS2_Val869Ile,0,0,false,0,0,false,0.7995106102292324,0.660541002024487,0.7300258061268596
RET_Thr338Ile,1,1,true,0,0,false,0.9205314968803489,0.9174918166052234,0.9190116567427862
CCM2_Arg389Trp,0,1,false,0,0,false,0.6808669525100775,0.8798879295631522,0.7803774410366149
SHOC2_Ser4Arg,0,1,false,0,0,false,0.6755180544798177,0.9179761181055074,0.7967470862926626
F9_Val257Ile,0,0,false,0,0,false,0.5353478894172454,0.6355069577937182,0.5854274236054818
RAD51D_Thr328Ile,1,0,false,0,0,false,0.929689903410934,0.7437025918455917,0.8366962476282629
CCM2_Ser408Arg,1,1,true,0,1,false,0.8927165837803729,0.9611432179853489,0.9269299008828609
CCM2_Ser330Phe,0,0,false,0,0,false,0.8178508310560506,0.8764207602611824,0.8471357956586165
RAD51D_Val66Met,0,0,false,0,0,false,0.5251440850520803,0.7562182404004095,0.640681162726245
F9_Pro414Thr,0,0,false,0,0,false,0.6182419183696461,0.7411643768406764,0.6797031476051613
BRCA1_Phe591Leu,1,1,true,0,1,false,0.9166854857442854,0.9374086932621492,0.9270470895032172
ABCD1_Arg389Gly,0,0,false,0,0,false,0.8741370157660132,0.557767958912841,0.7159524873394272
CCM2_Phe91Ile,0,0,false,0,0,false,0.7153949037678612,0.8546500363974195,0.7850224700826404
CCM2_Arg423His,0,0,false,0,0,false,0.6401658845271497,0.8060172202396566,0.7230915523834032
CCM2_Asp411Glu,0,0,false,0,0,false,0.721443054514455,0.8782864804221336,0.7998647674682944
CCM2_Leu310Val,0,0,false,0,0,false,0.7674396034692128,0.8453988480555713,0.8064192257623921
BRCA1_Cys39Arg,1,1,true,1,0,false,0.9652418848774538,0.911336485197664,0.9382891850375589
CTCF_Asp46Asn,0,0,false,0,0,false,0.7477452984927581,0.8442630357834991,0.7960041671381286
CCM2_Glu366Gln,0,1,false,0,0,false,0.8360062358425798,0.8833896366087067,0.8596979362256433
CCM2_Ser202Asn,0,0,false,0,0,false,0.7048780421811179,0.8035795417731605,0.7542287919771392
CCM2_Gly188Trp,0,0,false,0,0,false,0.7456634772976611,0.8654049252398939,0.8055342012687775
CCM2_Asp440Asn,1,0,false,0,0,false,0.9206350761689625,0.7694847133703173,0.8450598947696399
FARS2_Leu371Phe,0,0,false,0,0,false,0.7225344402022017,0.6725393516295189,0.6975368959158603
F9_Asp410His,0,0,false,0,0,false,0.6582861406899879,0.6303119289172239,0.644299034803606
FARS2_Gly3Val,0,0,false,0,0,false,0.6207307304139534,0.6300724190845303,0.6254015747492419
ZC4H2_Lys217Arg,0,0,false,0,0,false,0.4234407038208272,0.5219040011392475,0.47267235248003736
CCM2_Glu417Gly,0,0,false,0,0,false,0.8172102455828051,0.7932078371221892,0.8052090413524972
SDHD_Glu69Lys,1,1,true,0,0,false,0.8785284667882032,0.8821027870189919,0.8803156269035975
SDHD_Asp92Gly,0,0,false,0,0,false,0.8028092439799367,0.8382648617100562,0.8205370528449965
BRAF_Asp565Glu,0,0,false,0,0,false,0.5001272833154411,0.552685161673155,0.526406222494298
F9_Cys28Arg,0,0,false,0,0,false,0.7363730507593718,0.6277013178121026,0.6820371842857371
CCM2_Asp129His,0,1,false,0,0,false,0.7518196845807829,0.9033301007435045,0.8275748926621437
RAF1_Cys95Trp,1,0,false,0,0,false,0.9055479247847438,0.6617335274570855,0.7836407261209146
CCM2_Ala140Thr,0,0,false,0,0,false,0.7782637445169669,0.8127744146892533,0.7955190796031101
F9_Cys170Tyr,0,1,false,0,0,false,0.6928223052051115,0.8892735093039861,0.7910479072545488
RET_Val292Met,0,0,false,0,0,false,0.6522687131589785,0.5597747988299054,0.606021755994442
FARS2_Asp142Tyr,0,0,false,0,0,false,0.5679488323067037,0.5906016339396648,0.5792752331231843
BRAF_Lys499Asn,0,0,false,0,0,false,0.6615102294809463,0.6633039561986507,0.6624070928397985
G6PD_Glu398Lys,0,0,false,0,0,false,0.6490455450952126,0.6375150811257665,0.6432803131104896
F9_His282Arg,0,0,false,0,0,false,0.8460337062407786,0.8092956455580312,0.8276646758994048
RAF1_Leu603Pro,0,0,false,0,0,false,0.7472667962186551,0.8072334686400157,0.7772501324293354
CCM2_Glu108Gly,0,1,false,0,0,false,0.833438973445534,0.9174569597555884,0.8754479666005612
CTCF_Ala697Thr,0,0,false,0,0,false,0.5498372877198431,0.427811937381813,0.48882461255082804
CCM2_Pro240Leu,1,1,true,0,0,false,0.9008788265868901,0.9011078106010407,0.9009933185939654
F9_Glu27Lys,0,0,false,0,0,false,0.7108360461406398,0.8211449773890914,0.7659905117648655
SDHD_Leu107Pro,0,0,false,0,0,false,0.8327255249968093,0.8333986418202681,0.8330620834085387
CCM2_Asn81Lys,0,0,false,0,0,false,0.7492481775458592,0.8493736454037726,0.7993109114748158
LMNA_Arg41His,1,1,true,0,1,false,0.9361856833297664,0.9685184608031403,0.9523520720664533
CCM2_Ala237Val,0,0,false,0,0,false,0.7949294240303343,0.8282324530237556,0.8115809385270449
G6PD_Arg365His,0,0,false,0,0,false,0.5049687799684487,0.5453099664505856,0.5251393732095171
F9_Thr194Ala,0,0,false,0,0,false,0.6835627637597309,0.780442232559193,0.732002498159462
CCM2_His364Tyr,0,0,false,0,0,false,0.7922806118419462,0.863776889785638,0.8280287508137921
CCM2_Pro281Ser,0,0,false,0,0,false,0.786503386940487,0.7993949739146383,0.7929491804275627
BRAF_Leu245Phe,0,0,false,0,0,false,0.638821106881982,0.854239827692258,0.74653046728712
RAD51D_Val28Leu,1,0,false,0,0,false,0.9488692246219802,0.8519265761309345,0.9003979003764573
CCM2_Asp301Gly,0,0,false,0,0,false,0.7551056153413951,0.8151995756822145,0.7851525955118048
CCM2_Arg346Cys,0,1,false,0,0,false,0.7395522302981256,0.9302880907088129,0.8349201605034693
CCM2_Thr267Ile,1,0,false,0,0,false,0.9065906471388311,0.8708237793933261,0.8887072132660786
CCM2_Thr74Met,1,0,false,0,0,false,0.886088822357963,0.8595469299827904,0.8728178761703766
FH_Ser419Pro,0,1,false,0,0,false,0.8723439684984999,0.9213201043130435,0.8968320364057717
BRCA1_His41Arg,1,0,false,1,0,false,0.9836352860827905,0.7635952103109366,0.8736152481968635
BAP1_Thr423Lys,0,0,false,0,0,false,0.41782162844436666,0.5366318780047523,0.4772267532245595
CCM2_Glu201Asp,0,0,false,0,0,false,0.7730212633503473,0.8257430672344791,0.7993821652924131
LMNA_Leu162Pro,0,0,false,0,0,false,0.8129075240942252,0.8736470722150931,0.8432772981546591
RAD51D_Glu233Gly,0,0,false,0,0,false,0.6967076010813679,0.6523177668682895,0.6745126839748287
CCM2_Arg423Pro,0,0,false,0,0,false,0.7404755181720857,0.8209575943447599,0.7807165562584228
CCM2_Arg412Gln,0,0,false,0,0,false,0.7330157049809807,0.7596497452291167,0.7463327251050487
F9_Ser220Thr,0,0,false,0,0,false,0.5381132628825487,0.7827194086302407,0.6604163357563947
BRIP1_Thr266Lys,0,0,false,0,0,false,0.7507343851230628,0.7205994418325682,0.7356669134778155
BRAF_Gly596Val,1,1,true,1,1,true,0.9683246214166759,0.9381108039505246,0.9532177126836002
SHOC2_Glu25Gly,0,0,false,0,0,false,0.6224070740030938,0.6433044032860071,0.6328557386445505
FLCN_Arg239Cys,0,0,false,0,0,false,0.6063071551797774,0.6408863296451377,0.6235967424124575
F9_Arg191Cys,0,0,false,0,0,false,0.5868911879567651,0.8294935729820571,0.708192380469411
CCM2_His151Tyr,0,1,false,0,1,false,0.7965128466442958,0.9708182645290951,0.8836655555866955
CCM2_Gln313Arg,0,0,false,0,0,false,0.8039748940482753,0.839094825120986,0.8215348595846306
ZC4H2_Arg18Lys,0,0,false,0,0,false,0.6601528287397939,0.7503559799668514,0.7052544043533227
CCM2_Pro77Ser,0,1,false,0,0,false,0.7695670562221745,0.8943227379536757,0.8319448970879251
BRCA1_Arg595Gln,1,0,false,0,0,false,0.9617129546881413,0.8646854932415327,0.913199223964837
RAD51D_Ala231Ser,1,0,false,0,0,false,0.8818606767782569,0.6124205899357343,0.7471406333569957
FARS2_Ile388Ser,0,0,false,0,0,false,0.4460281175979493,0.6256694420392738,0.5358487798186116
CCM2_Glu66Lys,0,0,false,0,0,false,0.7943478513936437,0.8148113738047553,0.8045796125991995
BRAF_Gly464Val,0,0,false,0,0,false,0.7144551952637169,0.748407048873009,0.7314311220683629
CTCF_Tyr226Cys,0,0,false,0,0,false,0.7548044068723039,0.7492800853906024,0.7520422461314531
RAD51D_Val66Leu,0,0,false,0,0,false,0.4735135380022462,0.7368980398348188,0.6052057889185325
RET_Arg313Gln,0,1,false,0,0,false,0.7932106296157398,0.9161398862175612,0.8546752579166506
FH_Asn340Lys,,0,false,,0,false,,0.7936091313455258,
RAF1_Thr145Pro,0,0,false,0,0,false,0.7787636596227573,0.6948395624861297,0.7368016110544435
CCM2_Thr86Ser,1,0,false,0,0,false,0.89084127255986,0.877835098278939,0.8843381854193995
CCM2_Asp419Tyr,0,0,false,0,0,false,0.6916200687721787,0.749248260756011,0.7204341647640948
CCM2_Ser416Ala,0,0,false,0,0,false,0.8104563581836616,0.7935438893520864,0.802000123767874
SDHD_Phe34Cys,0,1,false,0,0,false,0.8539948588305041,0.8930240841096873,0.8735094714700957
RAF1_Phe22Leu,0,0,false,0,0,false,0.6575876991241759,0.6611114622240368,0.6593495806741063
F9_Arg379Gln,1,0,false,0,0,false,0.8948334662655197,0.6237540869814104,0.7592937766234651
BRAF_Glu501Lys,0,0,false,0,0,false,0.5613240661661344,0.5795877855320548,0.5704559258490947
CCM2_Pro77Gln,0,0,false,0,0,false,0.6911764652695146,0.8274745435757648,0.7593255044226397
F9_Pro197Ser,0,0,false,0,0,false,0.6546947555220599,0.6170391164027158,0.6358669359623879
CCM2_Ser84Asn,0,0,false,0,0,false,0.7953320186282066,0.8338278796694617,0.8145799491488341
RAF1_Thr491Ile,0,0,false,0,0,false,0.7370624431233321,0.8142078548463358,0.775635148984834
BRCA1_His299Tyr,1,1,true,1,1,true,0.9839165423156767,0.9752599466533105,0.9795882444844937
CCM2_Asp410Val,0,0,false,0,0,false,0.7194132336013431,0.7341103056163335,0.7267617696088383
CCM2_His364Arg,0,0,false,0,0,false,0.7758844579392616,0.8708392110244972,0.8233618344818794
F9_Arg3His,0,0,false,0,0,false,0.5542314805939508,0.6190484411596221,0.5866399608767865
CCM2_Asp61Asn,0,0,false,0,0,false,0.8037680268415629,0.8351320407238654,0.8194500337827142
BCL10_Ala5Ser,0,0,false,0,0,false,0.7683806146572103,0.8007408407158935,0.7845607276865518
F9_Arg75Gln,0,0,false,0,0,false,0.6061063760837944,0.7806735852079176,0.693389980645856
CCM2_Ile331Phe,0,1,false,0,0,false,0.8410970799092449,0.9193463934463844,0.8802217366778147
CCM2_Met424Ile,0,0,false,0,0,false,0.7412140730699955,0.7502595738806016,0.7457368234752986
RAD51D_Gly289Ser,1,1,true,0,1,false,0.9297212965001249,0.9505417159707915,0.9401315062354583
BRCA1_Asp67Tyr,1,1,true,0,1,false,0.9162230980428752,0.9909520492431141,0.9535875736429946
SOS2_Pro1318Ser,0,0,false,0,0,false,0.6722103852923178,0.554340213938575,0.6132752996154465
CCM2_Pro165Ala,0,0,false,0,0,false,0.7365715492510394,0.7918468416465446,0.764209195448792
BRCA1_Phe558Ser,1,1,true,1,1,true,0.9856023871263442,0.9498482441279532,0.9677253156271487
BRCA1_Val632Ala,1,1,true,1,0,false,0.9800312051341327,0.8813107186301907,0.9306709618821617
CCM2_Ala149Thr,0,0,false,0,0,false,0.6560968653041608,0.8508243699552412,0.753460617629701
CCM2_Pro165Thr,0,0,false,0,0,false,0.7274774890534288,0.7685940206785458,0.7480357548659873
BRCA1_Met548Ile,1,1,true,1,1,true,0.9890623605680183,0.9785719900798429,0.9838171753239306
CCM2_Leu298Met,0,1,false,0,0,false,0.8479211640917833,0.8938907672175067,0.870905965654645
CCM2_Glu51Ala,0,0,false,0,0,false,0.7678403899174903,0.8347297801595407,0.8012850850385155
CCM2_Asp227Asn,0,0,false,0,0,false,0.8292112390818834,0.7964291400833029,0.8128201895825932
BRAF_Val471Phe,1,1,true,1,1,true,0.9842419434621872,0.9613681814926571,0.9728050624774222
F9_Ser406Leu,1,1,true,0,0,false,0.9457045820372267,0.8868635815796786,0.9162840818084527
CCM2_His109Arg,0,1,false,0,0,false,0.8429670270034343,0.9148785131407426,0.8789227700720885
BRCA1_Lys502Glu,1,1,true,0,0,false,0.8760282906814943,0.8872472228434505,0.8816377567624725
BAP1_Asn290Ser,0,0,false,0,0,false,0.6559667095793311,0.5102749202430317,0.5831208149111814
FARS2_Thr246Met,0,0,false,0,0,false,0.6770292548089514,0.6804102176056458,0.6787197362072985
CTCF_Pro643Ser,0,0,false,0,0,false,0.6683800679644131,0.5445619721105004,0.6064710200374568
CCM2_His247Asp,0,0,false,0,0,false,0.8277012434921748,0.8606884361786479,0.8441948398354113
RAD51D_Ser46Cys,0,0,false,0,0,false,0.5648243070034515,0.4904067758180217,0.5276155414107366
FH_Ser334Arg,0,0,false,0,0,false,0.8033091007193875,0.8007347478615932,0.8020219242904904
BRAF_Thr241Arg,,0,false,,0,false,,0.8299258911292273,
CCM2_Ala98Pro,0,0,false,0,0,false,0.7327309963792749,0.8708161446170863,0.8017735704981805
BAP1_Thr93Ala,0,0,false,0,0,false,0.5360889193103129,0.6202397851478961,0.5781643522291045
FH_Gln376Pro,0,0,false,0,0,false,0.6954918151638652,0.4809332923956441,0.5882125537797547
CCM2_Ala232Val,0,0,false,0,0,false,0.8053927832533851,0.8263925578026446,0.815892670528015
F9_Trp453Arg,0,0,false,0,0,false,0.6864270152505447,0.6795327325368467,0.6829798738936956
F9_Val374Phe,0,0,false,0,0,false,0.6166641471095112,0.6673805631651736,0.6420223551373424
BRIP1_Gln255His,0,0,false,0,0,false,0.8171288577429179,0.7502156437554369,0.7836722507491773
BRCA1_Ser611Arg,1,1,true,1,1,true,0.9809933121913665,0.9553935623214185,0.9681934372563925
CCM2_Gly214Cys,0,0,false,0,0,false,0.7669271998546731,0.8375494283992176,0.8022383141269454
CCM2_Tyr118Phe,0,0,false,0,0,false,0.7031112068809808,0.8698492889983992,0.78648024793969
SHOC2_Gly53Arg,0,0,false,0,0,false,0.750939423096193,0.8216650233696959,0.7863022232329444
RAD51D_Val56Gly,0,0,false,0,0,false,0.43725980088048955,0.68541614335651,0.5613379721184998
F9_Gly357Arg,0,0,false,0,0,false,0.6598582596464473,0.5945518994223825,0.6272050795344148
CCM2_Lys23Arg,0,0,false,0,0,false,0.8167218330981109,0.7882377081850236,0.8024797706415672
BRCA1_Val275Ile,1,0,false,1,0,false,0.9934358013689744,0.7971938108459706,0.8953148061074725
CTCF_Arg342Gly,0,0,false,0,0,false,0.6082543794760712,0.6738743571694991,0.6410643683227851
CCM2_Cys170Tyr,0,0,false,0,0,false,0.635487832608365,0.8322896785060547,0.7338887555572099
CCM2_Ile76Met,0,0,false,0,0,false,0.7791296112548918,0.8780000327465242,0.828564822000708
CCM2_Ala179Thr,0,0,false,0,0,false,0.8453857483902422,0.8660878168013966,0.8557367825958193
FARS2_Ala166Thr,0,0,false,0,0,false,0.630837315503083,0.4713106607706262,0.5510739881368546
CCM2_Ala295Thr,0,0,false,0,0,false,0.8247364736070647,0.8478532729817004,0.8362948732943826
G6PD_Gly378Ser,0,0,false,0,0,false,0.5350994019317835,0.40905820693214356,0.47207880443196354
LMNA_Ala43Thr,1,1,true,0,0,false,0.951718694174347,0.9215057423653834,0.9366122182698652
RAF1_Asp486Asn,0,0,false,0,0,false,0.7864937187645036,0.8739391265851167,0.8302164226748101
CCM2_Arg390Gln,0,0,false,0,0,false,0.8503840872196117,0.8664256867715786,0.8584048869955951
CCM2_Cys211Ser,0,0,false,0,0,false,0.8149492624052096,0.8406451435026976,0.8277972029539535
RET_Leu56Met,0,1,false,0,1,false,0.6442601120187283,0.9547018505169517,0.7994809812678401
F9_Arg384Pro,0,0,false,0,0,false,0.46120986089648197,0.5373757644945938,0.4992928126955379
SDHD_Ser68Gly,0,0,false,0,0,false,0.7747656332563092,0.81903851669005,0.7969020749731797
CCM2_Leu195Pro,0,0,false,0,0,false,0.7987028386476526,0.8354003129683676,0.8170515758080101
ZC4H2_Ala200Thr,0,0,false,0,0,false,0.7872116008291188,0.69241397251165,0.7398127866703844
SHOC2_Met173Val,0,1,false,0,1,false,0.7559028152029459,0.9420425639126733,0.8489726895578096
BRCA1_Glu116Lys,0,0,false,0,0,false,0.47863625149603095,0.5045541015624009,0.4915951765292159
RAF1_Leu613Val,,0,false,,0,false,,0.7624597863846477,
CCM2_Asp431Asn,0,0,false,0,0,false,0.7928812340654351,0.7906154361392503,0.7917483351023427
F9_Val227Ile,0,0,false,0,0,false,0.42893701875699064,0.6558178130219405,0.5423774158894656
CCM2_Ser15Leu,,0,false,,0,false,,0.8662346108519653,
RAF1_Asn140His,0,0,false,0,0,false,0.7498700589060513,0.8768500439669253,0.8133600514364883
CCM2_Gln72Arg,0,0,false,0,0,false,0.8332409798147502,0.8404551441656817,0.8368480619902159
F9_Ile210Thr,0,0,false,0,0,false,0.8545018665708942,0.8642193932432928,0.8593606299070935
CCM2_Glu54Lys,0,1,false,0,0,false,0.8587442143954428,0.8813954669615237,0.8700698406784833
CCM2_Asp410His,0,0,false,0,0,false,0.6806886663199411,0.8276077339599168,0.7541482001399289
FARS2_Arg419Cys,0,0,false,0,0,false,0.6437794517662653,0.7332088438429117,0.6884941478045885
CCM2_Ile425Thr,0,1,false,0,0,false,0.7840173951130098,0.8898238895183109,0.8369206423156603
CCM2_Gly103Arg,0,1,false,0,0,false,0.7663724785671099,0.8858190061895638,0.8260957423783368
RAD51D_Phe305Leu,1,,,0,,false,0.899373938602152,,
SDHD_His50Arg,0,0,false,0,0,false,0.7954797741243843,0.8487679862963863,0.8221238802103853
CCM2_Glu433Lys,0,0,false,0,0,false,0.7315532281524928,0.8532915569097073,0.7924223925311
BRCA1_Ala102Gly,0,1,false,0,0,false,0.7179899562352263,0.87910947777377,0.7985497170044982
FARS2_Tyr144Cys,0,0,false,0,0,false,0.751530142942959,0.6419072422105627,0.6967186925767608
SDHD_Ile31Val,0,0,false,0,0,false,0.751312878625422,0.8632571331477497,0.8072850058865858
BRCA1_Glu631Lys,1,0,false,1,0,false,0.9766476325556214,0.8653114532543542,0.9209795429049878
CCM2_Arg412Trp,0,0,false,0,0,false,0.7905001990785291,0.814426359904244,0.8024632794913865
SHOC2_Ser2Gly,,1,,,0,false,,0.8812307260582743,
F9_Cys396Ser,0,0,false,0,0,false,0.4252529456443782,0.4626556784325542,0.4439543120384662
FARS2_Ser57Cys,0,0,false,0,0,false,0.4253840139485349,0.6962621920646234,0.5608231030065791
FARS2_His135Asp,0,0,false,0,0,false,0.6404895598553311,0.7853086066618791,0.7128990832586051
CCM2_Ala405Ser,0,1,false,0,0,false,0.7091493441900338,0.8995997094616511,0.8043745268258424
CCM2_Val255Leu,0,0,false,0,0,false,0.8003595454084994,0.8119463257529808,0.8061529355807401
RET_Arg67His,0,1,false,0,1,false,0.6316120613680206,0.9388740507962934,0.785243056082157
SDHD_His102Leu,1,0,false,0,0,false,0.9522927559250102,0.8313680258033279,0.891830390864169
RAF1_Pro225Ser,0,0,false,0,0,false,0.5939375746955838,0.6512782784969561,0.62260792659627
CCM2_Ala179Ser,0,0,false,0,0,false,0.831867673489285,0.7743634688186161,0.8031155711539506
CCM2_Gly8Ser,1,0,false,0,0,false,0.8907233424650599,0.8450903689210616,0.8679068556930607
CTCF_Arg342Cys,0,0,false,0,0,false,0.6435565938548741,0.7323616410391203,0.6879591174469972
LMNA_Arg386Thr,0,0,false,0,0,false,0.8178282772037097,0.7326336048613691,0.7752309410325393
FH_Ala308Thr,0,0,false,0,0,false,0.6025578030294673,0.752578540982823,0.677568172006145
ABCD1_Arg518Gln,0,0,false,0,0,false,0.7870494806388876,0.7135505295908988,0.7503000051148931
CCM2_Arg40Cys,1,0,false,1,0,false,0.9663124910763196,0.8632607704453149,0.9147866307608172
CTCF_His455Gln,1,1,true,0,0,false,0.8970715001416794,0.9144240132292991,0.9057477566854892
SDHD_Gly138Val,0,0,false,0,0,false,0.8424335559451765,0.7797279374041839,0.8110807466746802
F9_Ser411Ile,0,0,false,0,0,false,0.6908944882159987,0.5792174404184528,0.6350559643172258
F9_Val195Gly,0,0,false,0,0,false,0.6593769088586301,0.702938843132956,0.681157875995793
CCM2_Gln218Arg,0,1,false,0,0,false,0.8635015230907763,0.9095174194863827,0.8865094712885795
CCM2_Gly5Ser,1,0,false,0,0,false,0.9483763596236284,0.8442754501160411,0.8963259048698348
BRCA1_Arg391Met,1,1,true,0,0,false,0.9306585284304988,0.9299075772210593,0.930283052825779
CCM2_Ser202Arg,0,0,false,0,0,false,0.7077904334468801,0.7634995525984988,0.7356449930226894
BRCA1_His239Arg,1,1,true,1,1,true,0.9743999370205588,0.9834822561252834,0.978941096572921
F9_Glu73Val,0,0,false,0,0,false,0.7060483272444636,0.8364748256595527,0.7712615764520081
CCM2_Asn94Ser,0,0,false,0,0,false,0.7638374818384226,0.8620333821941785,0.8129354320163005
CCM2_Ser143Phe,0,0,false,0,0,false,0.8083789685814917,0.8481033326306163,0.8282411506060541
CCM2_Ser393Gly,0,1,false,0,0,false,0.7652882835687026,0.9191817977664046,0.8422350406675536
F9_Lys39Arg,0,0,false,0,0,false,0.5562734352083778,0.5280128373869296,0.5421431362976536
BRIP1_Leu195Pro,0,0,false,0,0,false,0.663999942831503,0.737611718470406,0.7008058306509545
BRCA1_Arg71Gly,1,1,true,1,0,false,0.9855224726609189,0.9304760710892357,0.9579992718750773
CCM2_Pro55Ala,0,1,false,0,0,false,0.8520567584254688,0.9093936494659077,0.8807252039456883
ZC4H2_Leu66His,1,0,false,0,0,false,0.9542813202282818,0.8522655514090403,0.903273435818661
ZC4H2_Ala157Thr,0,0,false,0,0,false,0.7120837534108332,0.8225176987191085,0.7673007260649709
RPS19_Gly127Glu,0,0,false,0,0,false,0.729857031752785,0.7881639125929127,0.7590104721728489
CCM2_Ser60Arg,0,1,false,0,0,false,0.8569368160036206,0.9250434550730523,0.8909901355383365
RAD51D_Ile17Val,0,0,false,0,0,false,0.8723700191028847,0.8462395722954139,0.8593047956991493
CCM2_Gly176Val,0,0,false,0,0,false,0.7643552642596582,0.8726886643296264,0.8185219642946423
BAP1_Cys91Ser,0,1,false,0,1,false,0.6541532321800272,0.9333529871701809,0.793753109675104
CCM2_Ala205Ser,0,1,false,0,0,false,0.7410793407328834,0.8954899640419306,0.818284652387407
RAF1_Asp381Asn,0,0,false,0,0,false,0.6443114881687294,0.5916507293648501,0.6179811087667897
SDHD_His102Pro,1,1,true,0,0,false,0.9006813090782809,0.9100589801042144,0.9053701445912476
GSS_Arg125Cys,0,0,false,0,0,false,0.539236634922278,0.6020717464597054,0.5706541906909917
BRCA1_Met1Ile,1,1,true,0,1,false,0.942537676845391,0.965432133065669,0.95398490495553
CCM2_Thr395Ile,0,0,false,0,0,false,0.7074631606004569,0.8402805792646698,0.7738718699325633
F9_His303Tyr,0,0,false,0,0,false,0.7437183219804285,0.6756812609368683,0.7096997914586485
CCM2_Ser245Cys,0,0,false,0,0,false,0.8601224156084578,0.8328564638068309,0.8464894397076443
ZC4H2_Pro201Ser,0,0,false,0,0,false,0.7814396132952472,0.6317258544338403,0.7065827338645438
CCM2_Ser251Tyr,0,0,false,0,0,false,0.6890787144949896,0.8277939061407555,0.7584363103178726
CCM2_Glu128Lys,0,1,false,0,0,false,0.7994207598283963,0.9159925660882982,0.8577066629583472
F9_Cys134Ser,0,0,false,0,0,false,0.730502955623894,0.8052223116539097,0.7678626336389018
BRCA1_Asn132Lys,1,1,true,1,1,true,0.979691614058316,0.989883589297884,0.9847876016781
CCM2_Ser183Leu,0,0,false,0,0,false,0.7072684516134076,0.8389335158636837,0.7731009837385456
FARS2_Gly309Ser,0,1,false,0,0,false,0.5686633110620103,0.8870193180070034,0.7278413145345068
CCM2_Tyr221Asp,1,0,false,0,0,false,0.9343624801948911,0.873188448370129,0.90377546428251
CCM2_Tyr261Asp,1,1,true,0,1,false,0.9037559616642632,0.9678439433920593,0.9357999525281613
BRAF_Leu485Phe,0,0,false,0,0,false,0.598299584251907,0.5105169863396426,0.5544082852957748
FARS2_Asp325Tyr,0,0,false,0,0,false,0.6455699269581425,0.7875315940839283,0.7165507605210354
LMNA_Arg349Leu,0,0,false,0,0,false,0.5851680566044616,0.5475822828122247,0.5663751697083431
CCM2_Ser426Leu,0,0,false,0,0,false,0.7627049295726286,0.8105051030575012,0.7866050163150649
CCM2_Arg423Cys,0,0,false,0,0,false,0.6708428342937188,0.7666675046264338,0.7187551694600763
CTCF_Arg567Leu,0,0,false,0,0,false,0.5955774829893721,0.5725732678815956,0.5840753754354838
F9_Cys335Trp,0,0,false,0,0,false,0.5034025204811218,0.5508116033443167,0.5271070619127192
SDHD_Leu139Arg,0,0,false,0,0,false,0.8709498956187064,0.8235345660865708,0.8472422308526386
ZC4H2_Arg213Trp,0,0,false,0,0,false,0.7638881292976838,0.7307104948785454,0.7472993120881146
F9_Asp110Asn,0,1,false,0,0,false,0.6345242978723558,0.8826315476452683,0.7585779227588121
F9_Cys407Arg,0,0,false,0,0,false,0.593532433474832,0.8238798819066757,0.7087061576907538
CCM2_Glu223Val,0,0,false,0,0,false,0.807432384693024,0.7855545162898211,0.7964934504914225
F9_Ile7Phe,0,0,false,0,0,false,0.5481832914031204,0.6658774891976692,0.6070303903003949
CCM2_Thr44Ile,0,0,false,0,0,false,0.7958519826993652,0.8610503803716635,0.8284511815355143
ZC4H2_Arg211Trp,0,0,false,0,0,false,0.8338733312953966,0.7362756564933739,0.7850744938943852
FH_His318Tyr,0,0,false,0,0,false,0.718969205371559,0.7185095770613064,0.7187393912164326
SHOC2_Thr321Ala,1,1,true,0,1,false,0.9226336864782333,0.9944865255095497,0.9585601059938915
CCM2_Ile197Leu,0,0,false,0,0,false,0.8111150154442984,0.8308913427307281,0.8210031790875132
ZC4H2_Ile7Val,0,0,false,0,0,false,0.7312884995637602,0.7632383538736797,0.7472634267187199
CCM2_Gly407Asp,0,1,false,0,0,false,0.7732066439379877,0.8856745280475824,0.829440585992785
CCM2_Gly162Glu,0,0,false,0,0,false,0.6857361934126257,0.7760652662700998,0.7309007298413628
SHOC2_Ser403Gly,0,0,false,0,0,false,0.8621220845756798,0.8598607476040003,0.8609914160898401
CCM2_Tyr144Cys,0,0,false,0,0,false,0.7439451978045868,0.874802306346691,0.8093737520756389
CCM2_Gly188Arg,0,0,false,0,0,false,0.6899057356199406,0.8654114254282169,0.7776585805240788
F9_Asp110Gly,0,0,false,0,0,false,0.8735341040387579,0.8686866330475287,0.8711103685431433
RAF1_Thr491Arg,0,0,false,0,0,false,0.7092062608687455,0.8035216812448265,0.756363971056786
BAP1_Pro12Thr,0,0,false,0,0,false,0.677657288568963,0.5225870430891271,0.600122165829045
CCM2_Arg40His,0,1,false,0,0,false,0.8098023731791208,0.8802314511665292,0.845016912172825
CCM2_Gln441Arg,0,0,false,0,0,false,0.7443237119653978,0.8153407427025723,0.779832227333985
SDHD_His50Asp,1,1,true,0,0,false,0.9026523425916128,0.9296084092898396,0.9161303759407262
F9_Gly442Arg,0,0,false,0,0,false,0.5702105708587752,0.7460344492262554,0.6581225100425153
SHOC2_Thr205Ala,0,0,false,0,0,false,0.6792168005819562,0.8085083031253772,0.7438625518536668
CTCF_Tyr407Cys,0,0,false,0,0,false,0.7070470110384419,0.5832082165597294,0.6451276137990857
CTCF_Arg567Trp,0,0,false,0,0,false,0.8577022478605604,0.845062424909783,0.8513823363851717
CCM2_Ile136Val,0,1,false,0,1,false,0.8376246379918405,0.943614090100534,0.8906193640461872
CCM2_Thr241Ile,1,1,true,0,0,false,0.9617230669853504,0.8912645209035395,0.9264937939444449
BRCA1_Cys64Tyr,1,0,false,1,0,false,0.984165069167112,0.8767777326467614,0.9304714009069367
CCM2_Asp411Asn,0,0,false,0,0,false,0.7673839976458487,0.810227783274217,0.7888058904600328
CCM2_Thr44Ser,1,1,true,0,0,false,0.8774232829344161,0.8949033676369532,0.8861633252856846
F9_Arg191His,0,0,false,0,0,false,0.633158773386885,0.6651388699955143,0.6491488216911996
RPS19_Val15Phe,0,0,false,0,0,false,0.6498024481967875,0.684109794739754,0.6669561214682707
BRCA1_Gly666Val,1,0,false,0,0,false,0.9221979106285213,0.8413339729777471,0.8817659418031343
CCM2_Gly379Ser,1,0,false,0,0,false,0.8757578730431156,0.8624543701798596,0.8691061216114876
CCM2_Ser164Phe,0,1,false,0,1,false,0.7717946233515673,0.9846004049735231,0.8781975141625452
RAF1_Gly361Ala,0,0,false,0,0,false,0.873767237649067,0.7595018226539966,0.8166345301515319
CCM2_Ile131Asn,0,1,false,0,0,false,0.7680672978847154,0.9275563631269278,0.8478118305058215
RHO_Pro267Thr,1,0,false,0,0,false,0.9556344726701156,0.8513456128397525,0.903490042754934
BRCA1_Glu143Lys,1,1,true,0,1,false,0.8999099591246774,0.9480245505139957,0.9239672548193365
BRCA1_Leu460Pro,1,1,true,1,0,false,0.9777652492427891,0.9059796392194737,0.9418724442311314
RHO_Cys110Tyr,1,0,false,0,0,false,0.8790816179354186,0.8727911260092511,0.8759363719723349
BAP1_Arg59Pro,0,0,false,0,0,false,0.7760629629165843,0.5309453839443148,0.6535041734304495
RET_Val262Ala,0,0,false,0,0,false,0.5811504652840943,0.8362120849218995,0.7086812751029969
F9_Tyr161Cys,0,0,false,0,0,false,0.7554776103131811,0.8696055339288284,0.8125415721210048
CCM2_Gly418Glu,0,1,false,0,1,false,0.8131254418407999,0.9816498241302911,0.8973876329855455
CCM2_Gly436Ser,0,0,false,0,0,false,0.7095822613603954,0.7913719143981548,0.750477087879275
CCM2_Lys65Glu,0,0,false,0,0,false,0.7947760703922739,0.8175349257866151,0.8061554980894445
ZC4H2_Ala162Thr,0,0,false,0,0,false,0.8502638266287432,0.6325524172812277,0.7414081219549855
BCL10_Leu8Leu,1,0,false,0,0,false,0.8823529411764706,0.5357539018783427,0.7090534215274067
SHOC2_Leu174Phe,1,1,true,0,0,false,0.9381013085387566,0.9295363964837904,0.9338188525112735
BRIP1_Ser520Thr,0,0,false,0,0,false,0.7470475012567772,0.7296687083203657,0.7383581047885714
CCM2_Glu366Lys,1,1,true,0,0,false,0.8867420519330925,0.894805852693601,0.8907739523133468
F9_Ile136Thr,0,0,false,0,0,false,0.745046260152305,0.6833168035932747,0.7141815318727899
RAD51D_Asn138His,1,0,false,0,0,false,0.9312611228377888,0.7661350354466943,0.8486980791422416
BRAF_Val487Gly,0,0,false,0,0,false,0.7776936183988863,0.5407661447805905,0.6592298815897384
CCM2_Ala123Val,0,1,false,0,0,false,0.8473120325455243,0.9030213875134377,0.8751667100294811
CCM2_Ile372Leu,1,1,true,0,0,false,0.8799481152049031,0.9295370090462484,0.9047425621255758
BRCA1_Met671Lys,1,1,true,0,1,false,0.9505938449333811,0.9704484609385355,0.9605211529359583
FH_Leu303Ser,0,0,false,0,0,false,0.6280580150688557,0.8505563411567992,0.7393071781128275
RPS19_Arg101His,0,0,false,0,0,false,0.5129238414684217,0.6359937086482905,0.5744587750583561
SHOC2_Gln269Arg,0,0,false,0,0,false,0.6764018619453296,0.6157670407013233,0.6460844513233264
CCM2_Met439Ile,0,1,false,0,0,false,0.809586604455384,0.9291423796907915,0.8693644920730877
CCM2_Thr267Asn,0,1,false,0,0,false,0.7031087459184419,0.881239356938608,0.7921740514285249
CCM2_Thr106Ile,0,1,false,0,0,false,0.8681868757860302,0.9236145874689613,0.8959007316274957
F9_Glu79Asp,0,0,false,0,0,false,0.7350557791127735,0.7668926021102467,0.7509741906115102
BRCA1_Cys64Ser,0,0,false,0,0,false,0.7305620324311284,0.509193303597748,0.6198776680144382
BAP1_Arg718Gln,0,0,false,0,0,false,0.5676986968568678,0.6172341215461942,0.592466409201531
FANCC_Leu554Pro,1,0,false,0,0,false,0.9600094866432588,0.6828875378307329,0.8214485122369959
BRIP1_Val76Ile,0,0,false,0,0,false,0.6712085747597284,0.8091988361109888,0.7402037054353585
BRCA1_Thr587Arg,1,1,true,0,0,false,0.9243496868775378,0.9122962314024994,0.9183229591400186
SDHD_Arg70Thr,0,0,false,0,0,false,0.8022562630952141,0.8769079704335451,0.8395821167643795
RHO_Arg135Trp,0,0,false,0,0,false,0.8289561051564006,0.8484507787368682,0.8387034419466344
CCM2_Ser398Tyr,0,0,false,0,0,false,0.7782911768794438,0.854876577575595,0.8165838772275194
SDHD_Ala90Glu,0,0,false,0,0,false,0.7882412994273117,0.8256721732844101,0.806956736355861
CCM2_Gly24Asp,,0,false,,0,false,,0.8632252535963265,
BRCA1_Leu660Pro,0,0,false,0,0,false,0.5429659929631443,0.6971719961665781,0.6200689945648612
BRAF_Gln262Lys,0,0,false,0,0,false,0.44257125389276825,0.7673606758750543,0.6049659648839113
RET_Thr278Asn,0,0,false,0,0,false,0.5357371563328672,0.8320212540974146,0.6838792052151409
F9_Arg384Leu,0,0,false,0,0,false,0.5629610377556141,0.6391945424146871,0.6010777900851506
CCM2_Glu290Lys,0,0,false,0,0,false,0.7726084738958675,0.7939800438092178,0.7832942588525427
RAF1_Ser427Gly,0,0,false,0,0,false,0.8342764973325787,0.7927766062981189,0.8135265518153487
BRCA1_Pro510Ser,1,1,true,1,1,true,0.9842508167638085,0.9640036687223583,0.9741272427430834
CCM2_Ala205Asp,1,0,false,0,0,false,0.8951846893946668,0.8765250630646725,0.8858548762296696
CCM2_Thr86Ile,0,1,false,0,0,false,0.8275619244906388,0.8818295837452458,0.8546957541179423
SDHD_Tyr114Cys,0,0,false,0,0,false,0.7852056285483985,0.8682120279262553,0.8267088282373269
F9_Ala397Pro,0,0,false,0,0,false,0.5231752874300287,0.5545451181694817,0.5388602027997552
RAD51D_Met308Val,1,0,false,0,0,false,0.960538673330112,0.8740166193615837,0.9172776463458479
G6PD_Ile48Thr,1,0,false,0,0,false,0.9620209210586805,0.498102051673434,0.7300614863660573
F9_Asn166Tyr,0,0,false,0,0,false,0.49681884586859676,0.8558893364869741,0.6763540911777854
CCM2_Leu392Val,0,1,false,0,0,false,0.8076491551475391,0.9020237289832194,0.8548364420653792
SHOC2_Ile112Thr,0,0,false,0,0,false,0.6900349759264535,0.7843858644027072,0.7372104201645804
BAP1_Leu49Pro,0,0,false,0,0,false,0.5927178557285544,0.6714650514021713,0.6320914535653628
FH_Arg233Cys,0,0,false,0,0,false,0.5987548645396555,0.5681956161990315,0.5834752403693435
RET_Arg330Gln,0,1,false,0,1,false,0.8106779897676171,0.9939309951224155,0.9023044924450163
BRCA1_Pro533Leu,1,1,true,1,0,false,0.9912462879532155,0.8966973181666507,0.9439718030599331
CCM2_Thr394Ser,0,1,false,0,0,false,0.7806547585039488,0.9112715825211285,0.8459631705125387
F9_Pro175Ser,0,0,false,0,0,false,0.49431238623440454,0.7099087143455147,0.6021105502899596
F9_Phe395Ile,0,0,false,0,0,false,0.5172996797401919,0.78191504566733,0.649607362703761
RHO_Asp190Gly,0,0,false,0,0,false,0.7636426303341605,0.783341073946874,0.7734918521405172
F9_Ile443Thr,0,0,false,0,0,false,0.5795383237608178,0.7006583857956397,0.6400983547782287
CCM2_Arg346His,0,1,false,0,0,false,0.7329369795853004,0.9024756044280248,0.8177062920066626
CCM2_Thr222Met,0,0,false,0,0,false,0.8617591997739303,0.8309607874358647,0.8463599936048976
BRCA1_Cys44Tyr,1,0,false,0,0,false,0.9441987717219411,0.831148627985987,0.887673699853964
CCM2_Pro102Leu,1,1,true,0,0,false,0.8898234672058275,0.8868209793695604,0.888322223287694
RAD51D_Ile251Val,0,1,false,0,1,false,0.8034463122456237,0.9995217075101795,0.9014840098779016
BRIP1_Arg848His,0,0,false,0,0,false,0.7877104845651395,0.7587827823803477,0.7732466334727436
SHOC2_Ser57Phe,1,0,false,0,0,false,0.9046983987114122,0.529813433537089,0.7172559161242507
F9_Ala233Thr,0,0,false,0,0,false,0.8540042561209782,0.7023750789365777,0.7781896675287779
BRCA1_Thr581Ile,1,1,true,1,1,true,0.9794941865604405,0.9316618456321133,0.9555780160962769
FARS2_Asn280Ser,0,0,false,0,0,false,0.8389461083420069,0.7753062704216713,0.8071261893818391
CCM2_Leu182Pro,0,1,false,0,1,false,0.7792985742038097,0.9486209402473725,0.863959757225591
BRCA1_Gly602Ala,1,1,true,1,0,false,0.9905934057415613,0.8899492981161312,0.9402713519288463
BRAF_Val600Gly,0,0,false,0,0,false,0.8034884350566569,0.7373529082522765,0.7704206716544667
F9_His282Tyr,0,0,false,0,0,false,0.7672337164122793,0.7809611787373808,0.7740974475748301
BRAF_Gln257Arg,0,0,false,0,0,false,0.6803782168890007,0.7356388350237879,0.7080085259563943
CCM2_Asp126Glu,0,0,false,0,0,false,0.8186957923333568,0.8219070190351535,0.8203014056842551
SDHD_Ala90Val,0,0,false,0,0,false,0.641359679219435,0.7664720793721204,0.7039158792957777
BRCA1_Glu455Lys,0,0,false,0,0,false,0.665053456627972,0.8265669894377499,0.7458102230328609
CCM2_Ser83Phe,0,0,false,0,0,false,0.7133356664120991,0.8051775986871093,0.7592566325496042
RAD51D_Glu307Lys,1,1,true,0,1,false,0.9298728681393036,0.9947048700755531,0.9622888691074283
RAD51D_Arg55Trp,0,0,false,0,0,false,0.5398752335334411,0.5773047600598085,0.5585899967966248
SHOC2_Glu13Ala,0,1,false,0,1,false,0.7147733879096405,0.9758010558329374,0.845287221871289
LMNA_Arg335Trp,0,0,false,0,0,false,0.5907092384194192,0.7114896389309981,0.6510994386752087
F9_Pro333Leu,0,,false,0,,false,0.8173212006324524,,
FARS2_Ile329Thr,0,1,false,0,1,false,0.8527071834718516,0.9497609191467175,0.9012340513092845
BRCA1_Arg71Lys,1,1,true,1,1,true,0.9796857254805389,0.9330729959912141,0.9563793607358765
F9_Glu73Lys,0,0,false,0,0,false,0.6327735864448181,0.7973980911773066,0.7150858388110624
CCM2_Ile432Phe,0,0,false,0,0,false,0.7371941795749466,0.8282878694173096,0.7827410244961281
RAD51D_Val132Ile,0,0,false,0,0,false,0.8188471165112827,0.852293666669155,0.8355703915902188
BRCA1_Thr581Ala,1,1,true,0,0,false,0.8837938926005537,0.9167490291041218,0.9002714608523378
F9_Arg294Gln,0,0,false,0,0,false,0.694923602720794,0.7565656990470252,0.7257446508839096
BRCA1_Ser186Tyr,1,1,true,1,1,true,0.9891402010878071,0.9895433550447515,0.9893417780662793
F9_Cys335Tyr,0,0,false,0,0,false,0.6825216822184693,0.7144251743292489,0.6984734282738592
ZC4H2_Arg198Gln,0,0,false,0,0,false,0.7964344290160212,0.6162865094081145,0.7063604692120679
CCM2_Val45Gly,0,0,false,0,0,false,0.8169692149893691,0.7988265669012168,0.807897890945293
BRCA1_Met1Thr,0,1,false,0,0,false,0.8536066331104628,0.9188140326650334,0.8862103328877481
FH_Arg233Leu,0,0,false,0,0,false,0.6740664054693245,0.6513057530980929,0.6626860792837087
FARS2_His84Pro,0,0,false,0,0,false,0.6083734781712353,0.6909273743374506,0.649650426254343
LMNA_Arg377Leu,0,0,false,0,0,false,0.6803825019777638,0.732651144476482,0.706516823227123
CCM2_Glu2Lys,0,0,false,0,0,false,0.8555370787652622,0.8049118010894519,0.8302244399273571
FANCC_Leu496Arg,0,0,false,0,0,false,0.7440958622022515,0.6463386509857354,0.6952172565939935
CCM2_Val374Met,0,0,false,0,0,false,0.848255413204102,0.8713335103106564,0.8597944617573792
SDHD_Val111Ile,0,0,false,0,0,false,0.8362832234515796,0.6806283428302172,0.7584557831408985
FANCC_Asp195Val,0,0,false,0,0,false,0.48485712487139987,0.6351832855990385,0.5600202052352192
CCM2_Ile92Thr,0,0,false,0,0,false,0.8076070427269313,0.8654767464076857,0.8365418945673084
BRCA1_Ser408Ile,0,1,false,0,0,false,0.7476501008970957,0.9181762445456895,0.8329131727213925
FH_Arg101Pro,0,0,false,0,0,false,0.8144788384306456,0.7591463818735215,0.7868126101520836
BRCA1_Cys61Gly,1,1,true,0,1,false,0.94979174340731,0.9816626134163468,0.9657271784118284
CCM2_Ala205Thr,0,0,false,0,0,false,0.7320037670867687,0.875329646744958,0.8036667069158634
CCM2_Ala293Thr,0,1,false,0,0,false,0.8255618671860593,0.8902382525827509,0.8579000598844051
CCM2_Asp442Asn,0,0,false,0,0,false,0.811801751587197,0.8341156705408427,0.8229587110640199
BAP1_Ser596Gly,0,0,false,0,0,false,0.48790658287507727,0.5532073414376034,0.5205569621563404
CCM2_Val216Ala,0,0,false,0,0,false,0.7903288409811285,0.7928879345427876,0.7916083877619581
CCM2_Pro102Ser,0,0,false,0,0,false,0.8502476993468551,0.8226637344705291,0.8364557169086921
CCM2_Ser166Ile,0,0,false,0,0,false,0.7829013595230785,0.8487583256880146,0.8158298426055466
SHOC2_Asn527Ser,0,0,false,0,0,false,0.8093247097913885,0.7940691263031118,0.8016969180472502
CCM2_His137Arg,0,0,false,0,0,false,0.7422533820425694,0.8113837994579546,0.776818590750262
CCM2_Arg19Gln,0,0,false,0,0,false,0.8204106466446573,0.82582264684747,0.8231166467460637
RET_Gly321Arg,0,1,false,0,1,false,0.6741510909770319,0.977325363031224,0.8257382270041279
FH_Pro174Arg,,0,false,,0,false,,0.6762706853155396,
CCM2_Ile130Val,0,0,false,0,0,false,0.7418462648382507,0.8423470573028015,0.792096661070526
RET_Pro64Leu,0,1,false,0,1,false,0.658728523687184,0.9804880815822493,0.8196083026347167
CCM2_Glu333Val,0,0,false,0,0,false,0.7423465870604722,0.8788704963554007,0.8106085417079365
BRIP1_His587Arg,0,0,false,0,0,false,0.6292249630555719,0.7961700191551921,0.712697491105382
RAF1_Asn71Ser,0,0,false,0,0,false,0.7201265609384727,0.5478643627268202,0.6339954618326464
CCM2_Asp110Asn,0,0,false,0,0,false,0.8271564542066092,0.8673501503371424,0.8472533022718758
RAD51D_Arg165Gln,1,0,false,0,0,false,0.9315934600653433,0.8167428149144145,0.8741681374898789
CCM2_His332Arg,0,0,false,0,0,false,0.7467053978502889,0.8754586293535896,0.8110820136019392
CCM2_Ile432Thr,0,0,false,0,0,false,0.7364537662324585,0.8788018778302455,0.807627822031352
SDHD_His102Arg,0,0,false,0,0,false,0.6939391861387718,0.7646330805473627,0.7292861333430672
CCM2_Gly188Glu,0,0,false,0,0,false,0.744716718117997,0.8325259396225277,0.7886213288702624
FH_Leu507Pro,,1,,,0,false,,0.9233232839906323,
ZC4H2_Val63Leu,0,0,false,0,0,false,0.6080136834909066,0.6066181739777775,0.607315928734342
BRAF_Gly469Glu,0,0,false,0,0,false,0.7701152582755088,0.7584429920405253,0.764279125158017
CCM2_Arg52Cys,0,0,false,0,0,false,0.7857422793546178,0.8708112921759003,0.8282767857652591
CCM2_His137Gln,0,0,false,0,0,false,0.7674720642414906,0.8123200040798393,0.7898960341606649
BRAF_Glu501Val,0,0,false,0,0,false,0.42454478615755165,0.668419559676502,0.5464821729170268
CCM2_Ser248Gly,0,0,false,0,0,false,0.7451904343240013,0.8187817594883972,0.7819860969061992
CCM2_Thr296Ala,0,1,false,0,0,false,0.7465494713114046,0.8792537708735053,0.8129016210924549
FH_Arg160Gly,,1,,,1,,,0.9376294565533879,
RPS19_Arg62Trp,,0,false,,0,false,,0.7290373796001557,
BAP1_Cys91Gly,0,0,false,0,0,false,0.8059496747384488,0.5863642072617119,0.6961569410000803
CCM2_Val190Met,0,1,false,0,1,false,0.8024003346811095,0.9514897337877023,0.8769450342344058
F9_Ile316Thr,0,,false,0,,false,0.8380546549952954,,
F9_Arg226Gln,0,0,false,0,0,false,0.8376591675240308,0.6602951949209586,0.7489771812224947
CCM2_Pro271Thr,0,0,false,0,0,false,0.7162592552071048,0.8351948729456812,0.7757270640763929
BAP1_Glu31Lys,0,0,false,0,0,false,0.7117206420996531,0.5646853145735389,0.638202978336596
CCM2_Asp376His,0,1,false,0,0,false,0.8167050357276633,0.8835396704488878,0.8501223530882756
RAD51D_Cys9Ser,1,0,false,0,0,false,0.9002881466248781,0.6324635710169321,0.7663758588209051
RAD51D_His23Arg,1,0,false,0,0,false,0.9203527373439884,0.7620934902533476,0.841223113798668
CCM2_Glu264Asp,0,1,false,0,0,false,0.8629082381555305,0.9048954021041326,0.8839018201298315
CCM2_Lys30Glu,0,0,false,0,0,false,0.7439318264448874,0.8445500657197549,0.7942409460823212
BRCA1_Thr37Lys,1,0,false,0,0,false,0.9365262887156782,0.8174092776879838,0.876967783201831
BRAF_Phe468Ser,0,0,false,0,0,false,0.5839173406709097,0.5879989123605611,0.5859581265157354
CCM2_Leu212Val,0,0,false,0,0,false,0.7841843355938374,0.8427635012071999,0.8134739184005186
