orf_id,symbol,ensembl_gene_id,chr
2,GBA,ENSG00000177628,1
25,SLC9A3R1,ENSG00000109062,17
138,MYD88,ENSG00000172936,3
167,ACTA2,ENSG00000107796,10
187,FOXA3,ENSG00000170608,19
212,RFX5,ENSG00000143390,1
222,HYLS1,ENSG00000198331,11
253,ALDOA,ENSG00000149925,16
268,CTH,ENSG00000116761,1
269,PEPD,ENSG00000124299,19
281,MVK,ENSG00000110921,12
286,ABHD5,ENSG00000011198,3
300,GALT,ENSG00000213930,9
330,TYROBP,ENSG00000011600,19
344,OXCT1,ENSG00000083720,5
359,CBS,ENSG00000160200,21
369,SERPING1,ENSG00000149131,11
386,STAR,ENSG00000147465,8
420,CLU,ENSG00000120885,8
476,BPGM,ENSG00000172331,7
490,SEMA4A,ENSG00000196189,1
535,ETFA,ENSG00000140374,15
538,CD40,ENSG00000101017,20
550,SPINT2,ENSG00000167642,19
575,AGA,ENSG00000038002,4
611,PRNP,ENSG00000171867,20
669,PTGS2,ENSG00000073756,1
740,MSX2,ENSG00000120149,5
741,TFPI,ENSG00000003436,2
747,RPIA,ENSG00000153574,2
763,CYB5A,ENSG00000166347,18
777,A4GALT,ENSG00000128274,22
786,SCO1,ENSG00000133028,17
817,BCHE,ENSG00000114200,3
825,PLOD1,ENSG00000083444,1
832,SLC25A38,ENSG00000144659,3
835,PCCB,ENSG00000114054,3
837,ASAH1,ENSG00000104763,8
861,LBR,ENSG00000143815,1
877,ARL11,ENSG00000152213,13
879,MAT1A,ENSG00000151224,10
888,PCCA,ENSG00000175198,13
906,MMADHC,ENSG00000168288,2
927,SULT1A1,ENSG00000196502,16
968,PSAT1,ENSG00000135069,9
992,TPP1,ENSG00000166340,11
996,YARS1,ENSG00000134684,1
1008,CDK5R1,ENSG00000176749,17
1026,BMP4,ENSG00000125378,14
1038,PRKAG2,ENSG00000106617,7
1092,LFNG,ENSG00000106003,7
1118,ETNPPL,ENSG00000164089,4
1142,GJA1,ENSG00000152661,6
1155,GAD1,ENSG00000128683,2
1231,AQP1,ENSG00000240583,7
1246,BBS10,ENSG00000179941,12
1258,CRYM,ENSG00000103316,16
1261,PIP4K2A,ENSG00000150867,10
1268,LGI1,ENSG00000108231,10
1274,OMG,ENSG00000126861,17
1284,PTS,ENSG00000150787,11
1317,PAK5,ENSG00000101349,20
1324,SGCE,ENSG00000127990,7
1331,GPAM,ENSG00000119927,10
1350,CALR3,ENSG00000269058,19
1353,HLA-G,ENSG00000204632,6
1355,LARS2,ENSG00000011376,3
1383,TMEM67,ENSG00000164953,8
1392,PRKN,ENSG00000185345,6
1447,MTM1,ENSG00000171100,X
1458,ERAP1,ENSG00000164307,5
1483,CRISP2,ENSG00000124490,6
1485,ESR2,ENSG00000140009,14
1567,GLE1,ENSG00000119392,9
1601,RASA1,ENSG00000145715,5
1641,ZFYVE27,ENSG00000155256,10
1642,KCNJ13,ENSG00000115474,2
1649,MLC1,ENSG00000100427,22
1668,THAP1,ENSG00000131931,8
1671,PNKD,ENSG00000127838,2
1699,KIF6,ENSG00000164627,6
1795,ALG6,ENSG00000088035,1
1805,TGIF1,ENSG00000177426,18
1843,CDKN1B,ENSG00000111276,12
1857,ARL6,ENSG00000113966,3
1884,LIG4,ENSG00000174405,13
1933,MBTPS2,ENSG00000012174,X
1938,CBLB,ENSG00000114423,3
2012,LHFPL5,ENSG00000197753,6
2013,KCNE1,ENSG00000180509,21
2013,KCNE1B,ENSG00000276289,21
2023,SERPIND1,ENSG00000099937,22
2055,DDX20,ENSG00000064703,1
2073,MFSD8,ENSG00000164073,4
2078,TRIM37,ENSG00000108395,17
2088,LRAT,ENSG00000121207,4
2156,PHYH,ENSG00000107537,10
2214,CUL4B,ENSG00000158290,X
2380,KRT8,ENSG00000170421,12
2401,LIPA,ENSG00000107798,10
2416,EBP,ENSG00000147155,X
2419,CHMP2B,ENSG00000083937,3
2430,ILK,ENSG00000166333,11
2442,IMPDH2,ENSG00000178035,3
2448,GRN,ENSG00000030582,17
2450,NOD1,ENSG00000106100,7
2455,PRKAR1A,ENSG00000108946,17
2472,EFNB1,ENSG00000090776,X
2474,ERCC5,ENSG00000134899,13
2488,RAB23,ENSG00000112210,6
2492,BEST1,ENSG00000167995,11
2496,ZNF41,ENSG00000147124,X
2498,SERPINA3,ENSG00000196136,14
2512,ATCAY,ENSG00000167654,19
2521,DNM1L,ENSG00000087470,12
2555,LTA,ENSG00000226979,6
2560,GDAP1,ENSG00000104381,8
2566,MCFD2,ENSG00000180398,2
2571,GGH,ENSG00000137563,8
2584,TFAP2A,ENSG00000137203,6
2613,SULT2B1,ENSG00000088002,19
2622,FAS,ENSG00000026103,10
2648,ACADSB,ENSG00000196177,10
2654,FBP1,ENSG00000165140,9
2665,GJB3,ENSG00000188910,1
2704,PPARG,ENSG00000132170,3
2713,MLH1,ENSG00000076242,3
2729,KYNU,ENSG00000115919,2
2730,CD55,ENSG00000196352,1
2767,GALE,ENSG00000117308,1
2803,HMBS,ENSG00000256269,11
2804,ROM1,ENSG00000149489,11
2810,BMP7,ENSG00000101144,20
2816,C1QB,ENSG00000173369,1
2818,C1QC,ENSG00000159189,1
2857,BSG,ENSG00000172270,19
2862,SLC25A4,ENSG00000151729,4
2866,NEUROD1,ENSG00000162992,2
2869,ETHE1,ENSG00000105755,19
2874,GDI1,ENSG00000203879,X
2877,RGR,ENSG00000148604,10
2888,HMGCL,ENSG00000117305,1
2891,LPL,ENSG00000175445,8
2920,GFAP,ENSG00000131095,17
2922,IGFBP5,ENSG00000115461,2
2924,OLFM2,ENSG00000105088,19
2935,AGT,ENSG00000135744,1
2945,TAFAZZIN,ENSG00000102125,X
3015,CRX,ENSG00000105392,19
3020,CHN1,ENSG00000128656,2
3022,SCARB2,ENSG00000138760,4
3027,SLC19A2,ENSG00000117479,1
3042,CHRNB1,ENSG00000170175,17
3047,SLC47A1,ENSG00000142494,17
3049,IL1A,ENSG00000115008,2
3059,IL1B,ENSG00000125538,2
3093,NEIL1,ENSG00000140398,15
3100,PLAU,ENSG00000122861,10
3116,PRKCSH,ENSG00000130175,19
3125,NME1,ENSG00000239672,17
3135,HSD17B10,ENSG00000072506,X
3174,PDHB,ENSG00000168291,3
3192,CDKN1A,ENSG00000124762,6
3212,ALDH3A2,ENSG00000072210,17
3223,AAAS,ENSG00000094914,12
3226,TOR1A,ENSG00000136827,9
3234,COX6B1,ENSG00000126267,19
3253,KRT18,ENSG00000111057,12
3268,OGG1,ENSG00000114026,3
3290,GSTO1,ENSG00000148834,10
3292,PRPF3,ENSG00000117360,1
3315,ALG12,ENSG00000182858,22
3321,CPT1A,ENSG00000110090,11
3359,NSDHL,ENSG00000147383,X
3372,PDE6B,ENSG00000133256,4
3408,FH,ENSG00000091483,1
3419,EXT1,ENSG00000182197,8
3426,HSD17B4,ENSG00000133835,5
3435,MCHR1,ENSG00000128285,22
3438,TMEM43,ENSG00000170876,3
3441,RPS19,ENSG00000105372,19
3454,CCKBR,ENSG00000110148,11
3467,SLC7A7,ENSG00000155465,14
3468,NDUFAF1,ENSG00000137806,15
3505,NHP2,ENSG00000145912,5
3513,PPARA,ENSG00000186951,22
3534,GPX1,ENSG00000233276,3
3535,EMD,ENSG00000102119,X
3548,ZDHHC9,ENSG00000188706,X
3564,NEU1,ENSG00000204386,6
3568,FANCG,ENSG00000221829,9
3581,MCOLN1,ENSG00000090674,19
3583,COX10,ENSG00000006695,17
3586,DDB2,ENSG00000134574,11
3594,SYNGR1,ENSG00000100321,22
3610,CHGA,ENSG00000100604,14
3643,EIF2B4,ENSG00000115211,2
3664,PGAM2,ENSG00000164708,7
3668,SQSTM1,ENSG00000161011,5
3670,DUSP23,ENSG00000158716,1
3680,MPDU1,ENSG00000129255,17
3682,IDH3B,ENSG00000101365,20
3693,TUFM,ENSG00000178952,16
3697,NF2,ENSG00000186575,22
3699,ZNF24,ENSG00000172466,18
3718,FDFT1,ENSG00000079459,8
3727,NCF2,ENSG00000116701,1
3731,PRPS1,ENSG00000147224,X
3732,UROD,ENSG00000126088,1
3743,LAMP2,ENSG00000005893,X
3756,VAPB,ENSG00000124164,20
3774,TP53,ENSG00000141510,17
3777,TGM2,ENSG00000198959,20
3800,EPHX1,ENSG00000143819,1
3803,HTR3A,ENSG00000166736,11
3833,HSPD1,ENSG00000144381,2
3844,ACY1,ENSG00000243989,3
3856,UCHL1,ENSG00000154277,4
3865,APEX1,ENSG00000100823,14
3872,KEL,ENSG00000197993,7
3878,TRIM32,ENSG00000119401,9
3903,LMNA,ENSG00000160789,1
3912,TGFBI,ENSG00000120708,5
3928,CCM2,ENSG00000136280,7
3945,RAPSN,ENSG00000165917,11
3947,ALDH6A1,ENSG00000119711,14
3987,DPAGT1,ENSG00000172269,11
4007,FUS,ENSG00000089280,16
4014,CHRNA3,ENSG00000080644,15
4019,CDK4,ENSG00000135446,12
4043,COQ8A,ENSG00000163050,1
4046,RLBP1,ENSG00000140522,15
4062,PLP1,ENSG00000123560,X
4066,HSPB8,ENSG00000152137,12
4099,TNNT2,ENSG00000118194,1
4108,SLC25A15,ENSG00000102743,13
4114,ACSM3,ENSG00000005187,16
4122,GNPTAB,ENSG00000111670,12
4126,STAT1,ENSG00000115415,2
4129,TAP2,ENSG00000204267,6
4166,NCF1,ENSG00000158517,7
4177,SOX10,ENSG00000100146,22
4190,ALG3,ENSG00000214160,3
4193,CBR3,ENSG00000159231,21
4203,RET,ENSG00000165731,10
4251,FTL,ENSG00000087086,19
4300,DHCR24,ENSG00000116133,1
4311,CD44,ENSG00000026508,11
4414,GSTA2,ENSG00000244067,6
4421,VKORC1,ENSG00000167397,16
4453,HRAS,ENSG00000174775,11
4481,B4GALT7,ENSG00000027847,5
4482,NMB,ENSG00000197696,15
4506,APOD,ENSG00000189058,3
4515,PNPO,ENSG00000108439,17
4529,GLB1,ENSG00000170266,3
4566,HK1,ENSG00000156515,10
4570,DKK3,ENSG00000050165,11
4595,TUBA1A,ENSG00000167552,12
4619,ELAC2,ENSG00000006744,17
4634,BCS1L,ENSG00000074582,2
4637,CFB,ENSG00000243649,6
4669,ACAT2,ENSG00000120437,6
4676,SERPINF1,ENSG00000132386,17
4683,PDHA1,ENSG00000131828,X
4687,SMAD4,ENSG00000141646,18
4692,LDHB,ENSG00000111716,12
4711,UMPS,ENSG00000114491,3
4722,MCCC1,ENSG00000078070,3
4723,TPM1,ENSG00000140416,15
4765,ITGB2,ENSG00000160255,21
4768,ADA,ENSG00000196839,20
4815,Z98749.3,ENSG00000283900,22
4829,KHK,ENSG00000138030,2
4832,SPG7,ENSG00000197912,16
4854,ERCC3,ENSG00000163161,2
4857,NR1H3,ENSG00000025434,11
4862,SLC30A2,ENSG00000158014,1
4870,KRT6A,ENSG00000205420,12
4882,EPHX2,ENSG00000120915,8
4888,WNT7A,ENSG00000154764,3
4938,CHRNA1,ENSG00000138435,2
4942,INHA,ENSG00000123999,2
4949,HIF1AN,ENSG00000166135,10
4956,PSEN2,ENSG00000143801,1
4960,PCBD1,ENSG00000166228,10
4981,CLN8,ENSG00000182372,8
5004,OPA3,ENSG00000125741,19
5035,L2HGDH,ENSG00000087299,14
5045,PLTP,ENSG00000100979,20
5052,MMACHC,ENSG00000132763,1
5074,TINF2,ENSG00000092330,14
5082,ACTN4,ENSG00000130402,19
5088,IDS,ENSG00000010404,X
5132,GSS,ENSG00000100983,20
5147,SDHB,ENSG00000117118,1
5181,TPI1,ENSG00000111669,12
5204,HLA-DPB1,ENSG00000223865,6
5209,CD38,ENSG00000004468,4
5218,AMT,ENSG00000145020,3
5229,ANXA11,ENSG00000122359,10
5230,VCP,ENSG00000165280,9
5249,ALDH4A1,ENSG00000159423,1
5311,PYCR3,ENSG00000104524,8
5317,PKM,ENSG00000067225,15
5336,FBXO7,ENSG00000100225,22
5347,TUBB2B,ENSG00000137285,6
5348,AKT1,ENSG00000142208,14
5385,WRAP53,ENSG00000141499,17
5398,SHMT1,ENSG00000176974,17
5410,STK11,ENSG00000118046,19
5438,ATIC,ENSG00000138363,2
5440,EDN3,ENSG00000124205,20
5442,SIX1,ENSG00000126778,14
5446,FGG,ENSG00000171557,4
5447,RGS2,ENSG00000116741,1
5468,SULT1C2,ENSG00000198203,2
5469,DTNA,ENSG00000134769,18
5475,IL18,ENSG00000150782,11
5517,TPMT,ENSG00000137364,6
5529,ACADM,ENSG00000117054,1
5531,CPB2,ENSG00000080618,13
5542,APOC2,ENSG00000234906,19
5555,PEX2,ENSG00000164751,8
5569,PRM1,ENSG00000175646,16
5585,CRYAB,ENSG00000109846,11
5586,CKM,ENSG00000104879,19
5597,IFNGR1,ENSG00000027697,6
5606,CYCS,ENSG00000172115,7
5613,APOA1,ENSG00000118137,11
5619,TIMM8A,ENSG00000126953,X
5628,INS,ENSG00000254647,11
5630,HIBCH,ENSG00000198130,2
5645,GYPA,ENSG00000170180,4
5651,MYOZ2,ENSG00000172399,4
5656,KLK1,ENSG00000167748,19
5666,FPR1,ENSG00000171051,19
5673,PLN,ENSG00000198523,6
5678,SDHD,ENSG00000204370,11
5681,CSRP3,ENSG00000129170,11
5712,TPM3,ENSG00000143549,1
5718,NPPA,ENSG00000175206,1
5719,DPM1,ENSG00000000419,20
5723,SFTPC,ENSG00000168484,8
5732,PPT1,ENSG00000131238,1
5739,NDUFAF5,ENSG00000101247,20
5758,FMO2,ENSG00000094963,1
5773,NDUFS7,ENSG00000115286,19
5808,HBB,ENSG00000244734,11
5819,CCT5,ENSG00000150753,5
5865,GAMT,ENSG00000130005,19
5871,HADHB,ENSG00000138029,2
5875,HADHA,ENSG00000084754,2
5880,PAPSS2,ENSG00000198682,10
5886,ELF4,ENSG00000102034,X
5896,AHCY,ENSG00000101444,20
5904,PRKRA,ENSG00000180228,2
5910,DBH,ENSG00000123454,9
5931,ICAM1,ENSG00000090339,19
5935,RAC2,ENSG00000128340,22
5946,ZNF350,ENSG00000256683,19
5970,TRIB3,ENSG00000101255,20
5984,SC5D,ENSG00000109929,11
5996,AGPAT2,ENSG00000169692,9
5997,AMACR,ENSG00000242110,5
6007,CD151,ENSG00000177697,11
6035,SCARB1,ENSG00000073060,12
6058,SLC25A13,ENSG00000004864,7
6066,MLPH,ENSG00000115648,2
6069,LYZ,ENSG00000090382,12
6089,ALG8,ENSG00000159063,11
6096,MPV17,ENSG00000115204,2
6120,SNCA,ENSG00000145335,4
6137,PITX1,ENSG00000069011,5
6146,IVD,ENSG00000128928,15
6151,HIF1A,ENSG00000100644,14
6157,OPTN,ENSG00000123240,10
6159,TIMP3,ENSG00000100234,22
6189,GM2A,ENSG00000196743,5
6191,MECP2,ENSG00000169057,X
6192,BTC,ENSG00000174808,4
6193,RBM28,ENSG00000106344,7
6198,PC,ENSG00000173599,11
6210,DRD2,ENSG00000149295,11
6211,BAAT,ENSG00000136881,9
6231,SDC3,ENSG00000162512,1
6238,PFKM,ENSG00000152556,12
6241,BMI1,ENSG00000168283,10
6246,ATP1A3,ENSG00000105409,19
6300,BHMT,ENSG00000145692,5
6310,ERCC8,ENSG00000049167,5
6313,GATA1,ENSG00000102145,X
6336,MYL2,ENSG00000111245,12
6341,HBG2,ENSG00000196565,11
6356,TCAP,ENSG00000173991,17
6406,LDB3,ENSG00000122367,10
6416,HTN3,ENSG00000205649,4
6426,MYL3,ENSG00000160808,3
6454,HEXA,ENSG00000213614,15
6475,CD36,ENSG00000135218,7
6484,PSENEN,ENSG00000205155,19
6494,HSD17B2,ENSG00000086696,16
6512,UBE3A,ENSG00000114062,15
6541,ACOX1,ENSG00000161533,17
6622,POLG2,ENSG00000256525,17
6635,NDUFA13,ENSG00000186010,19
6654,NUDT6,ENSG00000170917,4
6672,FHL1,ENSG00000022267,X
6690,SLC18A1,ENSG00000036565,8
6701,ACTC1,ENSG00000159251,15
6733,BLMH,ENSG00000108578,17
6746,HCCS,ENSG00000004961,X
6753,UQCRQ,ENSG00000164405,5
6760,MSH5,ENSG00000204410,6
6761,CBR1,ENSG00000159228,21
6786,DKC1,ENSG00000130826,X
6796,UTP4,ENSG00000141076,16
6797,AK2,ENSG00000004455,1
6804,ISYNA1,ENSG00000105655,19
6806,PLOD3,ENSG00000106397,7
6853,MBD4,ENSG00000129071,3
6857,TALDO1,ENSG00000177156,11
6859,EIF2B2,ENSG00000119718,14
6864,GLUL,ENSG00000135821,1
6869,LHX4,ENSG00000121454,1
6892,EXT2,ENSG00000151348,11
6911,GGCX,ENSG00000115486,2
6922,RTN4R,ENSG00000040608,22
6947,TPM2,ENSG00000198467,9
6954,UCP2,ENSG00000175567,11
6960,RPL11,ENSG00000142676,1
6974,NOP10,ENSG00000182117,15
6983,PITX2,ENSG00000164093,4
7000,COMT,ENSG00000093010,22
7012,HPGD,ENSG00000164120,4
7047,ETFDH,ENSG00000171503,4
7064,DTNBP1,ENSG00000047579,6
7114,BTD,ENSG00000169814,3
7136,BST1,ENSG00000109743,4
7147,EFEMP1,ENSG00000115380,2
7154,SLC22A5,ENSG00000197375,5
7157,KCNE4,ENSG00000152049,2
7162,HOXB6,ENSG00000108511,17
7167,AIPL1,ENSG00000129221,17
7177,ACTB,ENSG00000075624,7
7198,RXRG,ENSG00000143171,1
7201,RAD51D,ENSG00000185379,17
7205,GBE1,ENSG00000114480,3
7215,NR0B1,ENSG00000169297,X
7235,SLC33A1,ENSG00000169359,3
7270,PQBP1,ENSG00000102103,X
7280,CLDN14,ENSG00000159261,21
7301,TBX22,ENSG00000122145,X
7320,ARSA,ENSG00000100299,22
7322,GUSB,ENSG00000169919,7
7323,PMP22,ENSG00000109099,17
7354,SLC25A22,ENSG00000177542,11
7360,TBXAS1,ENSG00000059377,7
7389,CTRC,ENSG00000162438,1
7406,ASS1,ENSG00000130707,9
7415,SPP1,ENSG00000118785,4
7423,AKR1C3,ENSG00000196139,10
7436,SDHA,ENSG00000073578,5
7463,PHKG2,ENSG00000156873,16
7473,GSTZ1,ENSG00000100577,14
7482,SLC35C1,ENSG00000181830,11
7515,XRCC4,ENSG00000152422,5
7569,NDUFV1,ENSG00000167792,11
7580,ABAT,ENSG00000183044,16
7587,NR3C1,ENSG00000113580,5
7588,FLCN,ENSG00000154803,17
7601,DGUOK,ENSG00000114956,2
7608,CTSK,ENSG00000143387,1
7619,CTSG,ENSG00000100448,14
7630,FASLG,ENSG00000117560,1
7634,CSNK1D,ENSG00000141551,17
7637,CFP,ENSG00000126759,X
7649,POF1B,ENSG00000124429,X
7651,IL2RG,ENSG00000147168,X
7652,STXBP1,ENSG00000136854,9
7653,EDNRB,ENSG00000136160,13
7691,SPRY2,ENSG00000136158,13
7699,FANCC,ENSG00000158169,9
7722,NAT2,ENSG00000156006,8
7727,STAT3,ENSG00000168610,17
7728,MPG,ENSG00000103152,16
7756,ANKRD1,ENSG00000148677,10
7774,TRIM5,ENSG00000132256,11
7786,MPI,ENSG00000178802,15
7814,NR1I2,ENSG00000144852,3
7826,FUCA1,ENSG00000179163,1
7828,PORCN,ENSG00000102312,X
7830,SCN1B,ENSG00000105711,19
7866,EFHC1,ENSG00000096093,6
7867,CSF1,ENSG00000184371,1
7868,FAM126A,ENSG00000122591,7
7871,BUB1B,ENSG00000156970,15
7899,G6PC3,ENSG00000141349,17
7918,MSH2,ENSG00000095002,2
7931,SOD1,ENSG00000142168,21
7938,GCDH,ENSG00000105607,19
7940,MMP10,ENSG00000166670,11
7941,NPC2,ENSG00000119655,14
7953,MMP2,ENSG00000087245,16
7957,UROS,ENSG00000188690,10
7966,QDPR,ENSG00000151552,4
7982,HPRT1,ENSG00000165704,X
8007,NDUFA8,ENSG00000119421,9
8022,NDUFS3,ENSG00000213619,11
8038,FCGR2B,ENSG00000072694,1
8047,GJB4,ENSG00000189433,1
8111,IFNAR1,ENSG00000142166,21
8136,RDH5,ENSG00000135437,12
8164,CIDEA,ENSG00000176194,18
8181,GPD2,ENSG00000115159,2
8206,FBLIM1,ENSG00000162458,1
8222,CYP1A1,ENSG00000140465,15
8245,RDH12,ENSG00000139988,14
8264,NIPA1,ENSG00000170113,15
8289,CETP,ENSG00000087237,16
8296,AKR7A3,ENSG00000162482,1
8313,PKLR,ENSG00000143627,1
8314,AOAH,ENSG00000136250,7
8320,SGCA,ENSG00000108823,17
8321,NR0B2,ENSG00000131910,1
8326,IDO1,ENSG00000131203,8
8328,CA1,ENSG00000133742,8
8350,FCAR,ENSG00000186431,19
8370,FCGR3A,ENSG00000203747,1
8372,APOC3,ENSG00000110245,11
8380,SPINK1,ENSG00000164266,5
8401,GP9,ENSG00000169704,3
8402,SERPINI2,ENSG00000114204,3
8406,CPN1,ENSG00000120054,10
8416,DCX,ENSG00000077279,X
8420,ALAS2,ENSG00000158578,X
8422,IHH,ENSG00000163501,2
8438,ALOX15,ENSG00000161905,17
8443,SELPLG,ENSG00000110876,12
8459,ASPA,ENSG00000108381,17
8474,SLC22A11,ENSG00000168065,11
8480,IL12RB1,ENSG00000096996,19
8483,SURF1,ENSG00000148290,9
8500,PROC,ENSG00000115718,2
8514,CYP4F12,ENSG00000186204,19
8515,DPYS,ENSG00000147647,8
8519,HABP2,ENSG00000148702,10
8536,BDNF,ENSG00000176697,11
8556,HPS1,ENSG00000107521,10
8612,F12,ENSG00000131187,5
8666,F8,ENSG00000185010,X
8686,DMD,ENSG00000198947,X
8701,CFH,ENSG00000000971,1
8761,D2HGDH,ENSG00000180902,2
8836,KCNQ2,ENSG00000075043,20
8876,CAPN3,ENSG00000092529,15
8965,COL2A1,ENSG00000139219,12
8993,GNAS,ENSG00000087460,20
8999,TTR,ENSG00000118271,18
9000,EGLN1,ENSG00000135766,1
9005,DPYD,ENSG00000188641,1
9073,ACAT1,ENSG00000075239,11
9083,PANK2,ENSG00000125779,20
9125,NDUFS1,ENSG00000023228,2
9170,ATF6,ENSG00000118217,1
9183,CLCN2,ENSG00000114859,3
9186,KIF1B,ENSG00000054523,1
9194,LDLRAP1,ENSG00000157978,1
9233,CARTPT,ENSG00000164326,5
9310,ADORA3,ENSG00000282608,1
9311,PNMT,ENSG00000141744,17
9314,NDP,ENSG00000124479,X
9316,RPGR,ENSG00000156313,X
9324,FMO3,ENSG00000007933,1
9333,SLC19A3,ENSG00000135917,2
9352,MITF,ENSG00000187098,3
9364,ABCC11,ENSG00000121270,16
9418,HSD17B3,ENSG00000130948,9
9450,KCNE3,ENSG00000175538,11
9485,TNNC1,ENSG00000114854,3
9491,MYO1F,ENSG00000142347,19
9496,IL10RA,ENSG00000110324,11
9499,BANK1,ENSG00000153064,4
9629,ST14,ENSG00000149418,11
9634,CLDN19,ENSG00000164007,1
9715,GDF5,ENSG00000125965,20
9731,TIMM44,ENSG00000104980,19
9742,SDHC,ENSG00000143252,1
9750,TIRAP,ENSG00000150455,11
9791,TWNK,ENSG00000107815,10
9802,ACVR1,ENSG00000115170,2
9804,FABP1,ENSG00000163586,2
9806,CYP3A5,ENSG00000106258,7
9809,SLC22A6,ENSG00000197901,11
9828,TEKT2,ENSG00000092850,1
9833,TUBB1,ENSG00000101162,20
9835,GJB6,ENSG00000121742,13
9849,GABRD,ENSG00000187730,1
9898,SLC7A10,ENSG00000130876,19
9912,TLR2,ENSG00000137462,4
9919,EGR2,ENSG00000122877,10
9930,CDH23,ENSG00000107736,10
9938,GNMT,ENSG00000124713,6
9939,NR5A1,ENSG00000136931,9
9946,PENK,ENSG00000181195,8
9947,BBS7,ENSG00000138686,4
9958,OTX2,ENSG00000165588,14
9962,MINPP1,ENSG00000107789,10
9984,SETX,ENSG00000107290,9
9997,KERA,ENSG00000139330,12
10008,CYP2J2,ENSG00000134716,1
10009,CYBB,ENSG00000165168,X
10040,CD79B,ENSG00000007312,17
10041,B2M,ENSG00000166710,15
10065,TULP1,ENSG00000112041,6
10067,HPS5,ENSG00000110756,11
10091,TLR7,ENSG00000196664,X
10165,CRYBB1,ENSG00000100122,22
10177,FKBP6,ENSG00000077800,7
10179,CILK1,ENSG00000112144,6
10189,HYAL1,ENSG00000114378,3
10203,MTMR14,ENSG00000163719,3
10228,CBLIF,ENSG00000134812,11
10228,GIF,ENSG00000134812,11
10256,A2M,ENSG00000175899,12
10306,GCLC,ENSG00000001084,6
10311,BCKDHB,ENSG00000083123,6
10315,SLC12A1,ENSG00000074803,15
10343,CXCL16,ENSG00000161921,17
10385,TGFBR2,ENSG00000163513,3
10399,NPHP4,ENSG00000131697,1
10419,GK,ENSG00000198814,X
10420,SORBS1,ENSG00000095637,10
10497,GABBR1,ENSG00000204681,6
10505,TRAK2,ENSG00000115993,2
10512,DARS2,ENSG00000117593,1
10615,B3GALNT1,ENSG00000169255,3
10621,NLGN3,ENSG00000196338,X
10628,BBS12,ENSG00000181004,4
10679,RDX,ENSG00000137710,11
10732,BBS5,ENSG00000163093,2
10735,FXN,ENSG00000165060,9
10758,LIPG,ENSG00000101670,18
10766,SCNN1G,ENSG00000166828,16
10783,CA4,ENSG00000167434,17
10790,WNT4,ENSG00000162552,1
10795,CYP4V2,ENSG00000145476,4
10844,VDR,ENSG00000111424,12
10861,MAGT1,ENSG00000102158,X
10869,SLC26A2,ENSG00000155850,5
10884,HLCS,ENSG00000159267,21
10915,SLC5A11,ENSG00000158865,16
10950,ZCCHC12,ENSG00000174460,X
11032,FTH1,ENSG00000167996,11
11040,GAN,ENSG00000261609,16
11089,AQP2,ENSG00000167580,12
11101,ACVRL1,ENSG00000139567,12
11102,SCNN1B,ENSG00000168447,16
11103,CASP10,ENSG00000003400,2
11150,PLA2G7,ENSG00000146070,6
11159,SLC40A1,ENSG00000138449,2
11198,CLCA2,ENSG00000137975,1
11210,SLCO2B1,ENSG00000137491,11
11249,FMO1,ENSG00000010932,1
11258,SMPD1,ENSG00000166311,11
11276,GAA,ENSG00000171298,17
11297,TP63,ENSG00000073282,3
11361,NDUFAF4,ENSG00000123545,6
11374,RP2,ENSG00000102218,X
11387,HMGCS2,ENSG00000134240,1
11425,SMARCAL1,ENSG00000138375,2
11448,MST1,ENSG00000173531,3
11477,SGSH,ENSG00000181523,17
11483,GFM1,ENSG00000168827,3
11497,CADM1,ENSG00000182985,11
11515,DEFB1,ENSG00000164825,8
11549,REN,ENSG00000143839,1
11556,BCAM,ENSG00000187244,19
11563,ACTN2,ENSG00000077522,1
11616,NAT1,ENSG00000171428,8
11629,BMPR1B,ENSG00000138696,4
11670,SLC14A1,ENSG00000141469,18
11685,F10,ENSG00000126218,13
11713,GALNS,ENSG00000141012,16
11801,PEMT,ENSG00000133027,17
11805,SMAD3,ENSG00000166949,15
11822,TNFRSF1B,ENSG00000028137,1
11829,UGT1A10,ENSG00000242515,2
11829,UGT1A1,ENSG00000241635,2
11831,PHF8,ENSG00000172943,X
11832,BCL10,ENSG00000142867,1
11886,MEF2A,ENSG00000068305,15
11892,SLC22A12,ENSG00000197891,11
11907,MID1,ENSG00000101871,X
11933,ERCC1,ENSG00000012061,19
11943,CDA,ENSG00000158825,1
11997,C1S,ENSG00000182326,12
12036,STOX1,ENSG00000165730,10
12039,TSHR,ENSG00000165409,14
12041,PSPH,ENSG00000146733,7
12064,GTF2H5,ENSG00000272047,6
12090,PTAFR,ENSG00000169403,1
12150,SLC39A4,ENSG00000147804,8
12157,ATP6V1B1,ENSG00000116039,2
12167,PNPLA3,ENSG00000100344,22
12222,SLC45A2,ENSG00000164175,5
12257,PSMB9,ENSG00000240065,6
12263,DYM,ENSG00000141627,18
12264,SMARCA2,ENSG00000080503,9
12265,SYP,ENSG00000102003,X
12270,PAFAH1B1,ENSG00000007168,17
12290,CYBRD1,ENSG00000071967,2
12296,MCCC2,ENSG00000131844,5
12316,LIPH,ENSG00000163898,3
12343,CDC73,ENSG00000134371,1
12396,VANGL1,ENSG00000173218,1
12432,SIX2,ENSG00000170577,2
12465,MGST2,ENSG00000085871,4
12476,GFER,ENSG00000127554,16
12523,RNASEH2C,ENSG00000172922,11
12535,TREX1,ENSG00000213689,3
12554,C1QA,ENSG00000173372,1
12568,ATPAF2,ENSG00000171953,17
12569,TAC3,ENSG00000166863,12
12570,TNFRSF11B,ENSG00000164761,8
12585,TNNI2,ENSG00000130598,11
12586,ANGPTL4,ENSG00000167772,19
12611,ACTG1,ENSG00000184009,17
12674,ACADS,ENSG00000122971,12
12705,STRA6,ENSG00000137868,15
12735,HPD,ENSG00000158104,12
12761,CABP4,ENSG00000175544,11
12812,P2RY12,ENSG00000169313,3
12815,SERPINB5,ENSG00000206075,18
12857,DCLRE1C,ENSG00000152457,10
12865,PIK3R1,ENSG00000145675,5
12873,HJV,ENSG00000168509,1
12884,MYF6,ENSG00000111046,12
12885,CASQ2,ENSG00000118729,1
12923,RAG2,ENSG00000175097,11
12936,SLC7A9,ENSG00000021488,19
12943,CD96,ENSG00000153283,3
12953,CLCNKB,ENSG00000184908,1
12958,SLC17A3,ENSG00000124564,6
12984,MPLKIP,ENSG00000168303,7
12988,CD207,ENSG00000116031,2
12990,SFTPD,ENSG00000133661,10
13002,SERPINA7,ENSG00000123561,X
13007,ARG1,ENSG00000118520,6
13013,SERPINA10,ENSG00000140093,14
13017,SGCD,ENSG00000170624,5
13022,SH2D1A,ENSG00000183918,X
13044,LY96,ENSG00000154589,8
13059,OLR1,ENSG00000173391,12
13065,CFI,ENSG00000205403,4
13070,AQP4,ENSG00000171885,18
13074,AGER,ENSG00000204305,6
13077,C9,ENSG00000113600,5
13080,RBP4,ENSG00000138207,10
13081,SERPINC1,ENSG00000117601,1
13082,AKR1C4,ENSG00000198610,10
13091,HNMT,ENSG00000150540,2
13103,PAH,ENSG00000171759,12
13113,MCEE,ENSG00000124370,2
13115,APOH,ENSG00000091583,17
13140,SRPX2,ENSG00000102359,X
13183,MT1A,ENSG00000205362,16
13198,ALDOB,ENSG00000136872,9
13210,GPC3,ENSG00000147257,X
13267,CYP19A1,ENSG00000137869,15
13296,IYD,ENSG00000009765,6
13297,ANGPTL3,ENSG00000132855,1
13306,KNG1,ENSG00000113889,3
13320,VHL,ENSG00000134086,3
13325,GC,ENSG00000145321,4
13328,ANG,ENSG00000214274,14
13340,SERPINA6,ENSG00000170099,14
13366,SLC2A2,ENSG00000163581,3
13378,LDHA,ENSG00000134333,11
13384,HTR2B,ENSG00000135914,2
13544,ANTXR2,ENSG00000163297,4
13606,NINJ1,ENSG00000131669,9
13649,AHSG,ENSG00000145192,3
13680,TYRP1,ENSG00000107165,9
13689,TIMP2,ENSG00000035862,17
13698,CPA4,ENSG00000128510,7
13776,PEX13,ENSG00000162928,2
13790,LEP,ENSG00000174697,7
13803,HESX1,ENSG00000163666,3
13813,CRYAA,ENSG00000160202,21
13820,GDNF,ENSG00000168621,5
13821,CER1,ENSG00000147869,9
13827,CRYBA4,ENSG00000196431,22
13835,FGF10,ENSG00000070193,5
13840,LIM2,ENSG00000105370,19
13843,CFC1,ENSG00000136698,2
13872,AANAT,ENSG00000129673,17
13874,MBL2,ENSG00000165471,10
13902,CRYGS,ENSG00000213139,3
13918,HRG,ENSG00000113905,3
13931,CYP3A4,ENSG00000160868,7
13943,GCM2,ENSG00000124827,6
13983,FABP2,ENSG00000145384,4
13989,HOXD10,ENSG00000128710,2
13990,NR1I3,ENSG00000143257,1
13991,SLC2A4,ENSG00000181856,17
14005,CLDN16,ENSG00000113946,3
14019,CA8,ENSG00000178538,8
14032,RPA4,ENSG00000204086,X
14047,KITLG,ENSG00000049130,12
14071,TSHB,ENSG00000134200,1
14076,SLURP1,ENSG00000126233,8
14117,DNM2,ENSG00000079805,19
14122,PTCH1,ENSG00000185920,9
14202,TNFAIP3,ENSG00000118503,6
14215,KRT1,ENSG00000167768,12
14246,MYO1C,ENSG00000197879,17
14270,ATM,ENSG00000149311,11
14304,C7,ENSG00000112936,5
14309,SBDS,ENSG00000126524,7
14311,MSR1,ENSG00000038945,8
14318,REEP1,ENSG00000068615,2
14321,GPIHBP1,ENSG00000277494,8
14385,ADRB2,ENSG00000169252,5
14396,NT5C3A,ENSG00000122643,7
14413,DCTN1,ENSG00000204843,2
14458,KLHL10,ENSG00000161594,17
14484,AGTR1,ENSG00000144891,3
14543,VCAM1,ENSG00000162692,1
14553,ATP6V0A2,ENSG00000185344,12
14560,TDGF1,ENSG00000241186,3
14576,IL9,ENSG00000145839,5
14577,IL7R,ENSG00000168685,5
14582,B3GNT3,ENSG00000179913,19
14584,ADH1C,ENSG00000248144,4
14592,MMP13,ENSG00000137745,11
14611,CYP2E1,ENSG00000130649,10
14613,BRCA1,ENSG00000012048,17
14640,GJA4,ENSG00000187513,1
14673,DLD,ENSG00000091140,7
14679,CDKN2C,ENSG00000123080,1
14682,CYP27B1,ENSG00000111012,12
14698,PEX7,ENSG00000112357,6
14742,ARHGEF10,ENSG00000104728,8
14746,SLC22A2,ENSG00000112499,6
14793,SSH1,ENSG00000084112,12
14821,TPO,ENSG00000115705,2
14896,AGL,ENSG00000162688,1
14921,CRP,ENSG00000132693,1
15052,FANCD2,ENSG00000144554,3
52565,IFNA17,ENSG00000234829,9
52569,GHRH,ENSG00000118702,20
52611,AGRP,ENSG00000159723,16
52669,UCP1,ENSG00000109424,4
52694,KCNV2,ENSG00000168263,9
52696,PRKAG3,ENSG00000115592,2
52699,ERMAP,ENSG00000164010,1
52751,FGF14,ENSG00000102466,13
52764,SLC36A2,ENSG00000186335,5
52765,MMAA,ENSG00000151611,4
52785,USH1G,ENSG00000182040,17
52802,ARL13B,ENSG00000169379,3
52819,NHLRC1,ENSG00000187566,6
52828,ZNF624,ENSG00000197566,17
52833,SLC26A5,ENSG00000170615,7
52836,GSDMA,ENSG00000167914,17
52861,F9,ENSG00000101981,X
52890,CCN6,ENSG00000112761,6
52890,WISP3,ENSG00000112761,6
52897,ITIH3,ENSG00000162267,3
52903,SCO2,ENSG00000284194,22
52920,LITAF,ENSG00000189067,16
52925,FGB,ENSG00000171564,4
52939,CHRM2,ENSG00000181072,7
52956,APRT,ENSG00000198931,16
52996,THRB,ENSG00000151090,3
53007,BTK,ENSG00000010671,X
53009,ITK,ENSG00000113263,5
53028,PAX4,ENSG00000106331,7
53032,SLC5A7,ENSG00000115665,2
53038,PNP,ENSG00000198805,14
53052,MUSK,ENSG00000030304,9
53065,IL10,ENSG00000136634,1
53068,ATP6V0A4,ENSG00000105929,7
53076,TSSK4,ENSG00000139908,14
53082,TMPRSS11A,ENSG00000187054,4
53089,TNFRSF13B,ENSG00000240505,17
53111,CFHR5,ENSG00000134389,1
53114,SUN2,ENSG00000100242,22
53119,SALL4,ENSG00000101115,20
53137,NAGS,ENSG00000161653,17
53450,CAT,ENSG00000121691,11
53452,PTH1R,ENSG00000160801,3
53479,POU4F3,ENSG00000091010,5
53573,G6PC2,ENSG00000152254,2
53609,NECTIN1,ENSG00000110400,11
53653,SLC2A10,ENSG00000197496,20
53657,FOXP3,ENSG00000049768,X
53711,PGK1,ENSG00000102144,X
53721,GHSR,ENSG00000121853,3
53722,GNRHR,ENSG00000109163,4
53737,BFSP2,ENSG00000170819,3
53775,LMX1B,ENSG00000136944,9
53776,FSHB,ENSG00000131808,11
53801,IFT80,ENSG00000068885,3
53834,ABCG8,ENSG00000143921,2
53965,SMARCB1,ENSG00000099956,22
54004,BMP15,ENSG00000130385,X
54042,SLC17A8,ENSG00000179520,12
54082,PRPF31,ENSG00000105618,19
54121,KLKB1,ENSG00000164344,4
54123,CAPN13,ENSG00000162949,2
54130,CRYGD,ENSG00000118231,2
54148,CASK,ENSG00000147044,X
54167,RRM2B,ENSG00000048392,8
54175,NEUROG3,ENSG00000122859,10
54185,SYN3,ENSG00000185666,22
54189,GRIA3,ENSG00000125675,X
54230,MIP,ENSG00000135517,12
54237,ARHGEF9,ENSG00000131089,X
54262,FOXP2,ENSG00000128573,7
54280,NGF,ENSG00000134259,1
54289,ALPL,ENSG00000162551,1
54292,BCO1,ENSG00000135697,16
54296,KRT13,ENSG00000171401,17
54298,SLC28A1,ENSG00000156222,15
54308,PKP2,ENSG00000057294,12
54340,AMPD3,ENSG00000133805,11
54364,MTNR1A,ENSG00000168412,4
54383,AMHR2,ENSG00000135409,12
54497,SLC22A1,ENSG00000175003,6
54579,SLC30A8,ENSG00000164756,8
54599,UTS2,ENSG00000049247,1
54606,STH,ENSG00000256762,17
54643,PCSK1,ENSG00000175426,5
54672,SERPINB11,ENSG00000206072,18
54744,GCNT2,ENSG00000111846,6
54745,SLC10A2,ENSG00000125255,13
54784,GCKR,ENSG00000084734,2
54789,G6PC1,ENSG00000131482,17
54798,CLCN5,ENSG00000171365,X
54814,ARSL,ENSG00000157399,X
54814,ARSE,ENSG00000157399,X
54843,AKR1D1,ENSG00000122787,7
54847,COL10A1,ENSG00000123500,6
54905,NR1H4,ENSG00000012504,12
54913,UGT2A3,ENSG00000135220,4
54914,TAT,ENSG00000198650,16
55014,ALOX5,ENSG00000012779,10
55022,NPSR1,ENSG00000187258,7
55074,LIPC,ENSG00000166035,15
55128,BRIP1,ENSG00000136492,17
55150,MLH3,ENSG00000119684,14
55179,GALNT3,ENSG00000115339,2
55217,TOPBP1,ENSG00000163781,3
55222,SLC6A20,ENSG00000163817,3
55223,MMAB,ENSG00000139428,12
55246,PYGL,ENSG00000100504,14
55247,OAS1,ENSG00000089127,12
55531,APTX,ENSG00000137074,9
55715,GPR68,ENSG00000119714,14
55719,CHRNB4,ENSG00000117971,15
55728,EPB42,ENSG00000166947,15
55729,HAL,ENSG00000084110,12
55732,NELL1,ENSG00000165973,11
55759,PTH,ENSG00000152266,11
55769,TNNI3,ENSG00000129991,19
55793,NEU2,ENSG00000115488,2
55795,HTR1B,ENSG00000135312,6
55804,BSND,ENSG00000162399,1
55809,GDF9,ENSG00000164404,5
55818,GABRA6,ENSG00000145863,5
55826,CYP2A6,ENSG00000255974,19
55849,FSHR,ENSG00000170820,2
55851,CYP11B1,ENSG00000160882,8
55853,FGA,ENSG00000171560,4
55854,CHRNA4,ENSG00000101204,20
55855,KRT2,ENSG00000172867,12
55857,CNGA3,ENSG00000144191,2
55860,MAPT,ENSG00000186868,17
55861,RPS6KA3,ENSG00000177189,X
55864,ADIPOQ,ENSG00000181092,3
55868,PIGR,ENSG00000162896,1
55880,TLR6,ENSG00000174130,4
55884,SLC15A1,ENSG00000088386,13
55885,PMS1,ENSG00000064933,2
55886,TLR3,ENSG00000164342,4
55922,ALOXE3,ENSG00000179148,17
55929,MERTK,ENSG00000153208,2
55931,PROK2,ENSG00000163421,3
55958,MC3R,ENSG00000124089,20
55966,USP26,ENSG00000134588,X
55986,PRSS2,ENSG00000275896,7
56018,LPAR6,ENSG00000139679,13
56023,SFTPA2,ENSG00000185303,10
56027,HCP5,ENSG00000206337,6
56098,MC2R,ENSG00000185231,18
56108,EIF2B1,ENSG00000111361,12
56121,POLB,ENSG00000070501,8
56131,RFXANK,ENSG00000064490,19
56143,DCK,ENSG00000156136,4
56145,KCNJ11,ENSG00000187486,11
56148,CAV3,ENSG00000182533,3
56157,BBS1,ENSG00000174483,11
56184,CD22,ENSG00000012124,19
56226,SLCO1B1,ENSG00000134538,12
56266,TEAD1,ENSG00000187079,11
56278,CHRNG,ENSG00000196811,2
56292,TRPS1,ENSG00000104447,8
56330,FZD4,ENSG00000174804,11
56363,TPH2,ENSG00000139287,12
56376,CSF2,ENSG00000164400,5
56381,EYA1,ENSG00000104313,8
56385,MYLK2,ENSG00000101306,20
56386,TMPRSS5,ENSG00000166682,11
56390,F11,ENSG00000088926,4
56391,SELE,ENSG00000007908,1
56397,SLC5A2,ENSG00000140675,16
56414,PRODH,ENSG00000100033,22
56458,DRD3,ENSG00000151577,3
56515,FFAR1,ENSG00000126266,19
56516,TBX20,ENSG00000164532,7
56582,AKT2,ENSG00000105221,19
56583,SLC29A3,ENSG00000198246,10
56589,CYP2C9,ENSG00000138109,10
56644,TCF4,ENSG00000196628,18
56678,KCNJ10,ENSG00000177807,1
56732,GYPB,ENSG00000250361,4
56740,DAOA,ENSG00000182346,13
56779,DMC1,ENSG00000100206,22
56811,APBB3,ENSG00000113108,5
56822,GNE,ENSG00000159921,9
56915,ATP2B2,ENSG00000157087,3
56918,PGBD1,ENSG00000137338,6
56919,ESR1,ENSG00000091831,6
56936,PJVK,ENSG00000204311,2
70008,ACVR2B,ENSG00000114739,3
70010,SLC4A1,ENSG00000004939,17
70081,INSL3,ENSG00000248099,19
70083,CHIT1,ENSG00000133063,1
70136,TACR3,ENSG00000169836,4
70142,TGM5,ENSG00000104055,15
70149,SLC2A1,ENSG00000117394,1
70172,FGF8,ENSG00000107831,10
70265,ADCY9,ENSG00000162104,16
70357,TSFM,ENSG00000123297,12
70370,SNCAIP,ENSG00000064692,5
70414,OPA1,ENSG00000198836,3
70419,CYP2B6,ENSG00000197408,19
70423,CYP4F2,ENSG00000186115,19
70425,CYP1A2,ENSG00000140505,15
70439,TLR10,ENSG00000174123,4
70449,TLR1,ENSG00000174125,4
70457,FOXD4,ENSG00000170122,9
70472,HSD17B1,ENSG00000108786,17
70488,FKTN,ENSG00000106692,9
70497,AGXT,ENSG00000172482,2
70500,PIK3CD,ENSG00000171608,1
70516,WDR36,ENSG00000134987,5
70540,OR13G1,ENSG00000197437,1
70545,CYP7B1,ENSG00000172817,8
70663,CERKL,ENSG00000188452,2
70789,OR5H6,ENSG00000230301,3
70824,SPRED1,ENSG00000166068,15
70844,HNF4A,ENSG00000101076,20
70872,ZFP57,ENSG00000204644,6
70922,FBLN5,ENSG00000140092,14
70925,APOC4,ENSG00000267467,19
70930,PLG,ENSG00000122194,6
70994,PYY,ENSG00000131096,17
71056,BLM,ENSG00000197299,15
71073,FGFR2,ENSG00000066468,10
71075,FOXI1,ENSG00000168269,5
71077,IMPDH1,ENSG00000106348,7
71079,FLT1,ENSG00000102755,13
71104,COX4I2,ENSG00000131055,20
71144,FECH,ENSG00000066926,18
71161,C2,ENSG00000166278,6
71170,HRH2,ENSG00000113749,5
71191,SUOX,ENSG00000139531,12
71276,C5AR2,ENSG00000134830,19
71286,FGD4,ENSG00000139132,12
71311,OCRL,ENSG00000122126,X
71331,RGS9,ENSG00000108370,17
71381,SLCO1A2,ENSG00000084453,12
71448,KRIT1,ENSG00000001631,7
71458,LIG1,ENSG00000105486,19
71557,HCRTR1,ENSG00000121764,1
71558,FUT1,ENSG00000174951,19
71559,GABRG2,ENSG00000113327,5
71563,KCNJ1,ENSG00000151704,11
71567,OPRM1,ENSG00000112038,6
71569,OTC,ENSG00000036473,X
71570,HFE,ENSG00000010704,6
71571,PROZ,ENSG00000126231,13
71572,FUT7,ENSG00000180549,9
71575,CTLA4,ENSG00000163599,2
71577,GRPR,ENSG00000126010,X
71578,ART4,ENSG00000111339,12
71579,PON1,ENSG00000005421,7
71584,PRPH2,ENSG00000112619,6
71591,CRYGC,ENSG00000163254,2
71593,TMPRSS3,ENSG00000160183,21
71601,FUT3,ENSG00000171124,19
71612,COLQ,ENSG00000206561,3
71613,OPTC,ENSG00000188770,1
71620,ELANE,ENSG00000197561,19
71622,CLRN1,ENSG00000163646,3
71625,CHST6,ENSG00000183196,16
71626,MS4A2,ENSG00000149534,11
71627,DRD1,ENSG00000184845,5
71631,STS,ENSG00000101846,X
71633,RPE65,ENSG00000116745,1
71636,KCNK9,ENSG00000169427,8
71642,CACNB4,ENSG00000182389,2
71675,SLC28A2,ENSG00000137860,15
71724,CHRND,ENSG00000135902,2
71726,ETFB,ENSG00000105379,19
71751,AVPR2,ENSG00000126895,X
71771,AXIN2,ENSG00000168646,17
71807,KCNA1,ENSG00000111262,12
71809,HUS1B,ENSG00000188996,6
71843,IL12RB2,ENSG00000081985,1
71888,GP6,ENSG00000088053,19
71892,TH,ENSG00000180176,11
71916,TAS2R38,ENSG00000257138,7
71938,PHEX,ENSG00000102174,X
71940,SLC5A5,ENSG00000105641,19
71952,IGHMBP2,ENSG00000132740,11
71961,SART3,ENSG00000075856,12
71967,HTR5A,ENSG00000157219,7
71969,BRAF,ENSG00000157764,7
71977,NODAL,ENSG00000156574,10
71986,SHBG,ENSG00000129214,17
71990,GJD2,ENSG00000159248,15
71994,KCNE2,ENSG00000159197,21
72051,TFR2,ENSG00000106327,7
72085,HTR2C,ENSG00000147246,X
72086,GNAT1,ENSG00000114349,3
72137,DISC1,ENSG00000162946,1
72192,TK2,ENSG00000166548,16
72213,SEMA3E,ENSG00000170381,7
72199,TSC2,ENSG00000103197,16
13730,CDAN1,ENSG00000140326,15
70975,WDR11,ENSG00000120008,10
72057,LARS1,ENSG00000133706,5
5380,IFT122,ENSG00000163913,3
53077,ZEB1,ENSG00000148516,10
8409,PDGFRB,ENSG00000113721,5
55100,DSG4,ENSG00000175065,18
11786,BMPR2,ENSG00000204217,2
56286,STRC,ENSG00000242866,15
4666,EFTUD2,ENSG00000108883,17
6726,PRPF6,ENSG00000101161,20
115,PLEKHG5,ENSG00000171680,1
2099,RFX6,ENSG00000185002,6
2948,GBA2,ENSG00000070610,9
70683,SARDH,ENSG00000123453,9
70513,AR,ENSG00000169083,X
12455,WFS1,ENSG00000109501,4
54407,EEF2,ENSG00000167658,19
282,MATR3,ENSG00000015479,5
56339,PRICKLE2,ENSG00000163637,3
53281,PYGM,ENSG00000068976,11
7971,ABCB6,ENSG00000115657,2
56379,PRICKLE1,ENSG00000139174,12
70072,KIF7,ENSG00000166813,15
2483,FGFR1,ENSG00000077782,8
4910,AMPD2,ENSG00000116337,1
54232,IMPG1,ENSG00000112706,6
55269,CDH3,ENSG00000062038,16
11853,PNPT1,ENSG00000138035,2
11305,CUL3,ENSG00000036257,2
2719,SEC23B,ENSG00000101310,20
54632,CLCN4,ENSG00000073464,X
54254,LARGE1,ENSG00000133424,22
4959,ABCB7,ENSG00000131269,X
143,EZH2,ENSG00000106462,7
7110,JUP,ENSG00000173801,17
2468,TRIM2,ENSG00000109654,4
56172,MASP1,ENSG00000127241,3
13078,NDUFS1,ENSG00000023228,2
71206,POMT1,ENSG00000130714,9
1378,USP44,ENSG00000136014,12
54377,GYS2,ENSG00000111713,12
3640,MAN1B1,ENSG00000177239,9
10935,TF,ENSG00000091513,3
54020,CFAP57,ENSG00000243710,1
4532,ADGRG1,ENSG00000205336,16
53456,NEK8,ENSG00000160602,17
11895,CLCNKA,ENSG00000186510,1
12957,SLC3A1,ENSG00000138079,2
10565,GFPT1,ENSG00000198380,2
8070,KIF2A,ENSG00000068796,5
3669,KIF22,ENSG00000079616,16
70681,CACNB2,ENSG00000165995,10
7468,POMGNT1,ENSG00000085998,1
4042,CPT2,ENSG00000157184,1
71099,COG6,ENSG00000133103,13
1757,SLC20A2,ENSG00000168575,8
7897,MED17,ENSG00000042429,11
732,RAF1,ENSG00000132155,3
9357,DLAT,ENSG00000150768,11
13652,SLCO2A1,ENSG00000174640,3
749,CAPN5,ENSG00000149260,11
11893,SLC34A1,ENSG00000131183,5
53613,KCND3,ENSG00000171385,1
11611,RAD21,ENSG00000164754,8
54886,CHAT,ENSG00000070748,10
13266,ALB,ENSG00000163631,4
1657,SAMHD1,ENSG00000101347,20
71001,UBQLN2,ENSG00000188021,X
55736,EPB41,ENSG00000159023,1
6605,ACAD9,ENSG00000177646,3
329,VPS33B,ENSG00000184056,15
56387,AIFM1,ENSG00000156709,X
2114,DIS3L2,ENSG00000144535,2
70962,FAM111A,ENSG00000166801,11
6080,KARS1,ENSG00000065427,16
53074,IL17RD,ENSG00000144730,3
53099,HPSE2,ENSG00000172987,10
14973,KRT5,ENSG00000186081,12
4409,STXBP2,ENSG00000076944,19
12016,MMP14,ENSG00000157227,14
11602,SHOC2,ENSG00000108061,10
70938,MTPAP,ENSG00000107951,10
6518,RARS2,ENSG00000146282,6
71337,ACSF3,ENSG00000176715,16
5066,BAG3,ENSG00000151929,10
1298,SLC40A1,ENSG00000138449,2
54839,DGKE,ENSG00000153933,17
56360,NEXN,ENSG00000162614,1
663,CES1,ENSG00000198848,16
3501,NSUN2,ENSG00000037474,5
8213,PGM1,ENSG00000079739,1
4339,SPTLC2,ENSG00000100596,14
6018,ASNS,ENSG00000070669,7
8143,SH3BP2,ENSG00000087266,4
71197,PRIMPOL,ENSG00000164306,4
5848,HEXB,ENSG00000049860,5
12025,PRF1,ENSG00000180644,10
5991,ATP5F1A,ENSG00000152234,18
52792,LRIT3,ENSG00000183423,4
3172,CBS,ENSG00000160200,21
53030,FAM161A,ENSG00000170264,2
53723,KCNQ1,ENSG00000053918,11
70737,TBX4,ENSG00000121075,17
13227,NEFL,ENSG00000277586,8
4020,CHEK2,ENSG00000183765,22
10449,SLC1A3,ENSG00000079215,5
5441,PUF60,ENSG00000179950,8
13632,ZNF513,ENSG00000163795,2
966,LCK,ENSG00000182866,1
13592,KRT4,ENSG00000170477,12
11262,TBXAS1,ENSG00000059377,7
7696,USH1C,ENSG00000006611,11
6632,COG4,ENSG00000103051,16
13953,CYP4F22,ENSG00000171954,19
5102,P3H2,ENSG00000090530,3
7809,FLVCR2,ENSG00000119686,14
14444,PRKAG2,ENSG00000106617,7
4252,PSAP,ENSG00000197746,10
13554,GLYCTK,ENSG00000168237,3
9905,PNKP,ENSG00000039650,19
52829,VANGL2,ENSG00000162738,1
71258,CTNNA3,ENSG00000183230,10
4006,G6PD,ENSG00000160211,X
13718,APCDD1,ENSG00000154856,18
54868,DMP1,ENSG00000152592,4
55831,CYP26B1,ENSG00000003137,2
14157,LOXHD1,ENSG00000167210,18
6514,NECTIN4,ENSG00000143217,1
12109,CYP17A1,ENSG00000148795,10
5412,TTI2,ENSG00000129696,8
4784,HARS2,ENSG00000112855,5
70381,ILDR1,ENSG00000145103,3
8000,DARS1,ENSG00000115866,2
10062,XIAP,ENSG00000101966,X
3098,PIGV,ENSG00000060642,1
6633,FOXRED1,ENSG00000110074,11
14737,RBPJ,ENSG00000168214,4
3297,ADSL,ENSG00000239900,22
14966,KRT8,ENSG00000170421,12
7465,GATA2,ENSG00000179348,3
8021,CTSA,ENSG00000064601,20
71905,GCGR,ENSG00000215644,17
3986,PPOX,ENSG00000143224,1
12228,ANKS6,ENSG00000165138,9
6168,SLC52A3,ENSG00000101276,20
54529,ASB10,ENSG00000146926,7
11451,DNAAF11,ENSG00000129295,8
3782,SMAD1,ENSG00000170365,4
56787,AKT3,ENSG00000117020,1
2687,ASL,ENSG00000126522,7
3146,EEF1A2,ENSG00000101210,20
6970,PSEN1,ENSG00000080815,14
1598,SUCLA2,ENSG00000136143,13
54484,CORO1A,ENSG00000102879,16
6395,IRAK4,ENSG00000198001,12
8403,CD4,ENSG00000010610,12
3595,HTRA2,ENSG00000115317,2
10316,MAK,ENSG00000111837,6
7951,DDOST,ENSG00000244038,1
4417,CHRDL1,ENSG00000101938,X
9111,PIGO,ENSG00000165282,9
3132,UQCRC2,ENSG00000140740,16
12590,AP4M1,ENSG00000221838,7
9970,PHYKPL,ENSG00000175309,5
52988,CYP24A1,ENSG00000019186,20
8653,PHC1,ENSG00000111752,12
4625,BCKDHA,ENSG00000248098,19
14910,HGD,ENSG00000113924,3
4434,SLC52A2,ENSG00000185803,8
54829,F7,ENSG00000057593,13
2711,GATA3,ENSG00000107485,10
53964,NFIX,ENSG00000008441,19
9866,ZMYND10,ENSG00000004838,3
933,OAT,ENSG00000065154,10
3177,CLN3,ENSG00000188603,16
3980,GRN,ENSG00000030582,17
9812,CPA6,ENSG00000165078,8
2391,ORC4,ENSG00000115947,2
7819,ENO3,ENSG00000108515,17
3026,SLC46A1,ENSG00000076351,17
4249,SF3B4,ENSG00000143368,1
6741,GATM,ENSG00000171766,15
11393,MPI,ENSG00000178802,15
4519,GMPPA,ENSG00000144591,2
7923,FAH,ENSG00000103876,15
13916,KCNJ5,ENSG00000120457,11
6999,DYNC2I2,ENSG00000119333,9
6999,WDR34,ENSG00000119333,9
3787,CSNK1D,ENSG00000141551,17
5858,B4GAT1,ENSG00000174684,11
2722,ACAD8,ENSG00000151498,11
55658,CDH23,ENSG00000107736,10
3108,SERPINE1,ENSG00000106366,7
117,CANT1,ENSG00000171302,17
6666,MAP2K2,ENSG00000126934,19
5933,TFG,ENSG00000114354,3
14879,SS18L1,ENSG00000184402,20
71080,PDSS2,ENSG00000164494,6
8446,TICAM1,ENSG00000127666,19
53820,APOA4,ENSG00000110244,11
3414,GALK1,ENSG00000108479,17
338,DDHD2,ENSG00000085788,8
1326,CD46,ENSG00000117335,1
56786,UPB1,ENSG00000100024,22
5095,DUSP6,ENSG00000139318,12
9818,SFTPB,ENSG00000168878,2
1240,KCNJ10,ENSG00000177807,1
6720,NDUFA9,ENSG00000139180,12
2572,TYR,ENSG00000077498,11
11517,HDAC8,ENSG00000147099,X
3123,ACTG1,ENSG00000184009,17
11593,ST3GAL3,ENSG00000126091,1
8917,PIEZO1,ENSG00000103335,16
9429,HSD3B2,ENSG00000203859,1
13957,LMX1B,ENSG00000136944,9
13474,SLC39A13,ENSG00000165915,11
14153,TSC1,ENSG00000165699,9
13190,GDF3,ENSG00000184344,12
13901,MC3R,ENSG00000124089,20
3449,GMPPB,ENSG00000173540,3
6702,MRPS22,ENSG00000175110,3
55802,GNA11,ENSG00000088256,19
6180,GJA5,ENSG00000265107,1
951,NDUFA10,ENSG00000130414,2
71708,SLC35D1,ENSG00000116704,1
12739,GNAI3,ENSG00000065135,1
52883,P2RX2,ENSG00000187848,12
54050,HFE,ENSG00000010704,6
49,MRPL3,ENSG00000114686,3
5431,POLR1C,ENSG00000171453,6
3038,CREB1,ENSG00000118260,2
2749,GNB4,ENSG00000114450,3
11867,PRRT2,ENSG00000167371,16
4381,UBIAD1,ENSG00000120942,1
5179,B3GAT3,ENSG00000149541,11
3721,WDR5,ENSG00000196363,9
3965,SUCLG1,ENSG00000163541,2
7130,MRPL44,ENSG00000135900,2
10751,HOGA1,ENSG00000241935,10
4447,STAC3,ENSG00000185482,12
8362,NKX2-5,ENSG00000183072,5
5448,AKR1C2,ENSG00000151632,10
11340,NR2E3,ENSG00000278570,15
55694,RHD,ENSG00000187010,1
5951,PYCR1,ENSG00000183010,17
3350,APOE,ENSG00000130203,19
5176,MC1R,ENSG00000258839,16
8348,PDLIM3,ENSG00000154553,4
5788,PHF6,ENSG00000156531,X
2651,CLN6,ENSG00000128973,15
70992,JAM3,ENSG00000166086,11
5155,TECR,ENSG00000099797,19
11508,PEX26,ENSG00000215193,22
1424,GNPTG,ENSG00000090581,16
9834,MTFMT,ENSG00000103707,15
1694,GNAO1,ENSG00000087258,16
1256,KLHL3,ENSG00000146021,5
56664,SPRY4,ENSG00000187678,5
70998,MSX1,ENSG00000163132,4
55670,TRDN,ENSG00000186439,6
5433,RPSA,ENSG00000168028,3
6399,HSD11B1,ENSG00000117594,1
4867,DLX5,ENSG00000105880,7
2599,NUBPL,ENSG00000151413,14
70368,KCTD7,ENSG00000243335,7
4201,GJB1,ENSG00000169562,X
14106,MOCS1,ENSG00000124615,6
13571,XRCC2,ENSG00000196584,7
513,FA2H,ENSG00000103089,16
700,HAX1,ENSG00000143575,1
7675,NMNAT1,ENSG00000173614,1
71021,CASP8,ENSG00000064012,2
5437,EXOSC3,ENSG00000107371,9
12891,VWF,ENSG00000110799,12
9145,GALNT12,ENSG00000119514,9
3576,COLEC11,ENSG00000118004,2
6268,GATAD1,ENSG00000157259,7
13479,FUZ,ENSG00000010361,19
14894,CD40LG,ENSG00000102245,X
5961,TARDBP,ENSG00000120948,1
4817,MPZ,ENSG00000158887,1
14221,KCTD1,ENSG00000134504,18
4721,RNASET2,ENSG00000026297,6
1200,PDYN,ENSG00000101327,20
53798,NFU1,ENSG00000169599,2
9031,TSHR,ENSG00000165409,14
5254,HSD17B10,ENSG00000072506,X
14853,PIGL,ENSG00000108474,17
6070,SPINT2,ENSG00000167642,19
12043,ORC6,ENSG00000091651,16
54163,TNNT3,ENSG00000130595,11
5929,PGAP2,ENSG00000148985,11
7048,MMAB,ENSG00000139428,12
1276,TSPAN7,ENSG00000156298,X
12895,CLIC2,ENSG00000155962,X
4572,AGPAT2,ENSG00000169692,9
13283,EMG1,ENSG00000126749,12
14468,TPK1,ENSG00000196511,7
10225,SLC35A2,ENSG00000102100,X
13597,CCDC103,ENSG00000167131,17
9318,PDGFB,ENSG00000100311,22
7038,DIABLO,ENSG00000184047,12
9104,SLC27A4,ENSG00000167114,9
8559,ABCD3,ENSG00000117528,1
3180,NAA10,ENSG00000102030,X
504,GJB2,ENSG00000165474,13
4320,ZC4H2,ENSG00000126970,X
52640,RIT1,ENSG00000143622,1
53777,FGF17,ENSG00000158815,8
10158,SCN2B,ENSG00000149575,11
53996,SCN3B,ENSG00000166257,11
11443,CCBE1,ENSG00000183287,18
6520,IFT43,ENSG00000119650,14
3086,GOSR2,ENSG00000108433,17
56096,CRYBB3,ENSG00000100053,22
636,NTF4,ENSG00000225950,19
13369,ABCA3,ENSG00000167972,16
5729,UCP3,ENSG00000175564,11
14035,FGF9,ENSG00000102678,13
9611,NNT,ENSG00000112992,5
9007,MRE11,ENSG00000020922,11
14217,PAX3,ENSG00000135903,2
297,RAB18,ENSG00000099246,10
4245,TMEM165,ENSG00000134851,4
71425,GH1,ENSG00000259384,17
9253,GUCA1A,ENSG00000048545,6
510,CRADD,ENSG00000169372,12
11858,DNAJC5,ENSG00000101152,20
6727,AK1,ENSG00000106992,9
6905,ITPA,ENSG00000125877,20
1478,CSRP3,ENSG00000129170,11
2686,PARK7,ENSG00000116288,1
3084,KRAS,ENSG00000133703,12
3306,DHFR,ENSG00000228716,5
11435,MSRB3,ENSG00000174099,12
4866,CDIN1,ENSG00000186073,15
5698,PTHLH,ENSG00000087494,12
14842,MRAP,ENSG00000170262,21
4027,SDHAF2,ENSG00000167985,11
3431,ARL2BP,ENSG00000102931,16
4384,MAX,ENSG00000125952,14
3750,RPL21,ENSG00000122026,13
8151,IL36RN,ENSG00000136695,2
54406,TMIE,ENSG00000181585,3
5728,UBE2B,ENSG00000119048,5
5577,DNAL1,ENSG00000119661,14
9807,ABCC9,ENSG00000069431,12
6350,HBG1,ENSG00000213934,11
145,PTS,ENSG00000150787,11
4983,AP2S1,ENSG00000042753,19
12628,PNKD,ENSG00000127838,2
107,PFN1,ENSG00000108518,17
11194,PLA2G5,ENSG00000127472,1
8834,RAD51C,ENSG00000108384,17
52601,INSL3,ENSG00000248099,19
52654,GYPC,ENSG00000136732,2
1841,HINT1,ENSG00000169567,5
6065,C12orf57,ENSG00000111678,12
11655,NDUFS6,ENSG00000145494,5
5543,SAA1,ENSG00000173432,11
52622,DPM3,ENSG00000179085,1
9564,NDUFAF6,ENSG00000156170,8
1800,MPC1,ENSG00000060762,6
12020,C19orf12,ENSG00000131943,19
14711,SIGMAR1,ENSG00000147955,9
4077,SNRPE,ENSG00000182004,1
5772,BANF1,ENSG00000175334,11
6396,TMEM216,ENSG00000187049,11
13063,HAMP,ENSG00000105697,19
6408,IER3IP1,ENSG00000134049,18
3298,NDUFA1,ENSG00000125356,X
465,DPM2,ENSG00000136908,9
52725,SOST,ENSG00000167941,17
53102,NR3C2,ENSG00000151623,4
53449,NYX,ENSG00000188937,X
53559,SRD5A2,ENSG00000277893,2
53621,ALX3,ENSG00000156150,1
53667,ZIC3,ENSG00000156925,X
54276,AVP,ENSG00000101200,20
54446,IRF8,ENSG00000140968,16
54448,VSX1,ENSG00000100987,20
54459,RNF135,ENSG00000181481,17
54791,MPO,ENSG00000005381,17
54903,HOXA2,ENSG00000105996,7
55789,MESP2,ENSG00000188095,15
55834,KRT83,ENSG00000170523,12
55877,SLC6A5,ENSG00000165970,11
55915,KCNA5,ENSG00000130037,12
56471,VSX2,ENSG00000119614,14
56661,COMP,ENSG00000105664,19
56749,CYP21A2,ENSG00000231852,6
56775,GJA3,ENSG00000121743,13
10437,RAG1,ENSG00000166349,11
10655,CIB2,ENSG00000136425,15
11492,CHST14,ENSG00000169105,15
11580,ECEL1,ENSG00000171551,2
11754,CYP27A1,ENSG00000135929,2
11764,MTMR14,ENSG00000163719,3
12132,HCFC1,ENSG00000172534,X
12252,HSD11B2,ENSG00000176387,16
12336,AFG3L2,ENSG00000141385,18
12338,NT5E,ENSG00000135318,6
12500,CPOX,ENSG00000080819,3
12573,DES,ENSG00000175084,2
12924,AUH,ENSG00000148090,9
13092,NOG,ENSG00000183691,17
13236,UMOD,ENSG00000169344,16
13295,TTPA,ENSG00000137561,8
13782,FOXL2,ENSG00000183770,3
13796,HBD,ENSG00000223609,11
13939,KRT86,ENSG00000170442,12
14210,TGFBR1,ENSG00000106799,9
14395,SURF1,ENSG00000148290,9
14460,MAPK8IP1,ENSG00000121653,11
14502,HOXA13,ENSG00000106031,7
14656,BICD2,ENSG00000185963,9
15050,INPP5E,ENSG00000148384,9
453,CYC1,ENSG00000179091,8
571,SERPINA1,ENSG00000197249,14
648,NRL,ENSG00000129535,14
843,RXYLT1,ENSG00000118600,12
896,TSEN34,ENSG00000170892,19
1063,SMN2,ENSG00000205571,5
1097,ACADVL,ENSG00000072778,17
1551,PPP2R1B,ENSG00000137713,11
1958,CTNS,ENSG00000040531,17
2030,AQP5,ENSG00000161798,12
2098,EFHC2,ENSG00000183690,X
2246,TSPAN12,ENSG00000106025,7
2269,B3GALNT2,ENSG00000162885,1
2353,MAFB,ENSG00000204103,20
2444,DDX11,ENSG00000013573,12
2588,UNC119,ENSG00000109103,17
2595,TGFB1,ENSG00000105329,19
2801,PSTPIP1,ENSG00000140368,15
3154,IKBKG,ENSG00000269335,X
3381,MLYCD,ENSG00000103150,16
3483,GYG1,ENSG00000163754,3
3620,ALG1,ENSG00000033011,16
3689,GCK,ENSG00000106633,7
3798,ACTN1,ENSG00000072110,14
3896,SLC25A1,ENSG00000100075,22
3901,MUTYH,ENSG00000132781,1
4004,FADD,ENSG00000168040,11
4127,MYCN,ENSG00000134323,2
4191,SAR1B,ENSG00000152700,5
4289,MSH6,ENSG00000116062,2
4941,MGAT2,ENSG00000168282,14
5108,INF2,ENSG00000203485,14
5335,PMM2,ENSG00000140650,16
5424,BLK,ENSG00000136573,8
5864,CDKN2A,ENSG00000147889,9
5953,CTSD,ENSG00000117984,11
6031,ALG9,ENSG00000086848,11
6038,SERPINH1,ENSG00000149257,11
6119,SUFU,ENSG00000107882,10
6138,TACSTD2,ENSG00000184292,1
6550,SMAD6,ENSG00000137834,15
6916,TNFRSF1A,ENSG00000067182,12
72114,WNT1,ENSG00000125084,12
7250,SIL1,ENSG00000120725,5
7267,CYP1B1,ENSG00000138061,2
7325,CTHRC1,ENSG00000164932,8
7443,MEN1,ENSG00000133895,11
7662,XPA,ENSG00000136936,9
7715,DYNC2I1,ENSG00000126870,7
7827,PNPLA2,ENSG00000177666,11
8024,DNAJB6,ENSG00000105993,7
8177,SNIP1,ENSG00000163877,1
8276,SLC26A3,ENSG00000091138,7
8525,NPHS2,ENSG00000116218,1
8858,RET,ENSG00000165731,10
9122,HPS6,ENSG00000166189,10
9275,DHH,ENSG00000139549,12
9228,POMT2,ENSG00000009830,14
9710,CYP11A1,ENSG00000140459,15
9726,DOLK,ENSG00000175283,9
10029,BBS9,ENSG00000122507,7
10114,SOX18,ENSG00000203883,20
10122,EXOC8,ENSG00000116903,1
10132,LEFTY2,ENSG00000143768,1
71188,TPCN2,ENSG00000162341,11
71592,TRAF3,ENSG00000131323,14
71588,CHRNB2,ENSG00000160716,1
71196,DHODH,ENSG00000102967,16
71615,GAS1,ENSG00000180447,9
71181,CEP41,ENSG00000106477,7
71427,POMC,ENSG00000115138,2
71354,RAB33B,ENSG00000172007,4
71045,HS6ST1,ENSG00000136720,2
70417,DPY19L2,ENSG00000177990,12
70726,ANOS1,ENSG00000011201,X
70455,EVC,ENSG00000072840,4
70610,RUNX1,ENSG00000159216,21
70460,GJC2,ENSG00000198835,1
70551,AIRE,ENSG00000160224,21
70533,SDHAF1,ENSG00000205138,19
72169,SPAST,ENSG00000021574,2
71949,GLDC,ENSG00000178445,9
100005875,CTSF,ENSG00000174080,11
2794,HBA2,ENSG00000188536,16
2794,HBA1,ENSG00000206172,16
100009587,FKRP,ENSG00000181027,19
100009557,KCNJ8,ENSG00000121361,12
100009592,PITX3,ENSG00000107859,10
100010506,KISS1,ENSG00000170498,1
100011230,TWIST1,ENSG00000122691,7
100010388,COQ2,ENSG00000173085,4
100010266,ANKH,ENSG00000154122,5
100011276,SNTA1,ENSG00000101400,20
100010885,SGCB,ENSG00000163069,4
100008900,LMAN1,ENSG00000074695,18
100010185,TMEM138,ENSG00000149483,11
100010465,SLC25A19,ENSG00000125454,17
100009081,TFAP2B,ENSG00000008196,6
100009130,EIF2B5,ENSG00000145191,3
100008339,LDLR,ENSG00000130164,19
100009969,STIM1,ENSG00000167323,11
100008954,TREM2,ENSG00000095970,6
100008411,SERPINF2,ENSG00000167711,17
100010678,SNCB,ENSG00000074317,5
100010671,NKX2-1,ENSG00000136352,14
100010717,ECM1,ENSG00000143369,1
100010705,GCH1,ENSG00000131979,14
100010633,GPI,ENSG00000105220,19
100008582,PEX12,ENSG00000108733,17
100008637,ABCD1,ENSG00000101986,X
100008365,KRT14,ENSG00000186847,17
100008352,COX15,ENSG00000014919,10
100008533,CSTB,ENSG00000160213,21
100011574,PTEN,ENSG00000171862,10
100011399,CST3,ENSG00000101439,20
100011355,TCF21,ENSG00000118526,6
100011460,TEK,ENSG00000120156,9
100011502,UBA1,ENSG00000130985,X
100011621,PAX9,ENSG00000198807,14
100066529,WNT10A,ENSG00000135925,2
100066557,DEAF1,ENSG00000177030,11
100066864,ALDH7A1,ENSG00000164904,5
100066905,LYRM4,ENSG00000214113,6
100067264,EDAR,ENSG00000135960,2
100067267,DDR2,ENSG00000162733,1
100067469,CRLF1,ENSG00000006016,19
100069800,HNF1A,ENSG00000135100,12
100069830,TBX5,ENSG00000089225,12
100069949,PHOX2A,ENSG00000165462,11
100070014,RP9,ENSG00000164610,7
100070147,SIX6,ENSG00000184302,14
100070152,SRY,ENSG00000184895,Y
100070227,CTNNB1,ENSG00000168036,3
100070258,TBX19,ENSG00000143178,1
100070273,GDF2,ENSG00000263761,10
100000033,HPS4,ENSG00000100099,22
100000056,CYP2D6,ENSG00000100197,22
100000061,CYB5R3,ENSG00000100243,22
100000384,NAGA,ENSG00000198951,22
100000400,PLA2G6,ENSG00000184381,22
100000434,SLC5A1,ENSG00000100170,22
100014321,LIPI,ENSG00000188992,21
100014322,RS1,ENSG00000102104,X
100014561,SSTR5,ENSG00000162009,16
100016074,POU1F1,ENSG00000064835,3
100061565,PDE8B,ENSG00000113231,5
100062114,KRT12,ENSG00000187242,17
100063958,RUNX2,ENSG00000124813,6
100064139,LHB,ENSG00000104826,19
100066348,ALX4,ENSG00000052850,11
100068252,KCNH2,ENSG00000055118,7
100062530,RSPO4,ENSG00000101282,20
54055,ALDH18A1,ENSG00000059573,10
54326,EDA,ENSG00000158813,X
56245,MAP2K1,ENSG00000169032,15
100016069,KCNJ2,ENSG00000123700,17
2699,CEP290,ENSG00000198707,12
